frame,body_landmark,x,y,z,visibility,hand_label
1,NOSE,0.441582,0.683308,-0.885069,0.999986,N/A
1,LEFT_EYE_INNER,0.474341,0.623094,-0.837984,0.99998,N/A
1,LEFT_EYE,0.491487,0.62495,-0.837903,0.999978,N/A
1,LEFT_EYE_OUTER,0.506575,0.627355,-0.837594,0.999976,N/A
1,RIGHT_EYE_INNER,0.414016,0.618393,-0.830965,0.999974,N/A
1,RIGHT_EYE,0.393304,0.617926,-0.83078,0.999967,N/A
1,RIGHT_EYE_OUTER,0.375775,0.619477,-0.830907,0.999966,N/A
1,LEFT_EAR,0.530418,0.663716,-0.506247,0.999983,N/A
1,RIGHT_EAR,0.353887,0.661228,-0.468139,0.999969,N/A
1,MOUTH_LEFT,0.472061,0.764055,-0.758557,0.999974,N/A
1,MOUTH_RIGHT,0.406346,0.7579,-0.749822,0.999972,N/A
1,LEFT_SHOULDER,0.626011,0.963337,-0.299718,0.999182,N/A
1,RIGHT_SHOULDER,0.256102,0.953508,-0.266914,0.998339,N/A
1,LEFT_ELBOW,0.757257,1.334151,-0.793606,0.635633,N/A
1,RIGHT_ELBOW,0.121017,1.3583,-0.755717,0.681411,N/A
1,LEFT_WRIST,0.718522,1.018525,-1.357392,0.97567,N/A
1,RIGHT_WRIST,0.137411,1.073402,-1.510531,0.97678,N/A
1,LEFT_PINKY,0.744114,0.897643,-1.446227,0.968372,N/A
1,RIGHT_PINKY,0.122359,0.939549,-1.635929,0.964718,N/A
1,LEFT_INDEX,0.722463,0.872026,-1.365949,0.975301,N/A
1,RIGHT_INDEX,0.170285,0.902468,-1.563737,0.97296,N/A
1,LEFT_THUMB,0.717431,0.934701,-1.344202,0.966522,N/A
1,RIGHT_THUMB,0.170822,0.944932,-1.508335,0.966073,N/A
1,LEFT_HIP,0.563578,1.655398,-0.037196,0.001162,N/A
1,RIGHT_HIP,0.308361,1.659704,0.042047,0.00113,N/A
1,LEFT_KNEE,0.576233,2.206792,-0.242624,0.002123,N/A
1,RIGHT_KNEE,0.351052,2.217226,-0.260207,0.000849,N/A
1,LEFT_ANKLE,0.610334,2.720298,0.089097,2e-05,N/A
1,RIGHT_ANKLE,0.381162,2.72633,-0.128646,7e-06,N/A
1,LEFT_HEEL,0.616868,2.80179,0.093082,1.1e-05,N/A
1,RIGHT_HEEL,0.380381,2.808271,-0.131004,6e-06,N/A
1,LEFT_FOOT_INDEX,0.584049,2.87608,-0.412262,7.7e-05,N/A
1,RIGHT_FOOT_INDEX,0.418044,2.871569,-0.666541,8.2e-05,N/A
1,HAND_0,0.694623,1.089615,1e-06,0.0,Right
1,HAND_1,0.63535,1.068541,-0.054847,0.0,Right
1,HAND_2,0.595992,1.012445,-0.092829,0.0,Right
1,HAND_3,0.569262,0.957668,-0.122926,0.0,Right
1,HAND_4,0.535953,0.896956,-0.155964,0.0,Right
1,HAND_5,0.637638,0.90986,-0.102806,0.0,Right
1,HAND_6,0.626466,0.813009,-0.146416,0.0,Right
1,HAND_7,0.618926,0.748454,-0.174583,0.0,Right
1,HAND_8,0.615652,0.692789,-0.1952,0.0,Right
1,HAND_9,0.689955,0.916145,-0.103508,0.0,Right
1,HAND_10,0.697906,0.805827,-0.146714,0.0,Right
1,HAND_11,0.700917,0.734861,-0.177885,0.0,Right
1,HAND_12,0.704209,0.670145,-0.201525,0.0,Right
1,HAND_13,0.734251,0.94483,-0.106744,0.0,Right
1,HAND_14,0.751631,0.844037,-0.151764,0.0,Right
1,HAND_15,0.758249,0.775961,-0.182819,0.0,Right
1,HAND_16,0.763907,0.712222,-0.205201,0.0,Right
1,HAND_17,0.770495,0.987465,-0.112087,0.0,Right
1,HAND_18,0.803849,0.924695,-0.154458,0.0,Right
1,HAND_19,0.823579,0.877805,-0.17722,0.0,Right
1,HAND_20,0.83832,0.829065,-0.194026,0.0,Right
1,HAND_0,0.161021,1.081959,1e-06,0.0,Left
1,HAND_1,0.235768,1.056596,-0.058583,0.0,Left
1,HAND_2,0.281952,1.003429,-0.096597,0.0,Left
1,HAND_3,0.311247,0.948052,-0.126719,0.0,Left
1,HAND_4,0.340105,0.879044,-0.159383,0.0,Left
1,HAND_5,0.229291,0.895017,-0.098456,0.0,Left
1,HAND_6,0.248009,0.797221,-0.14384,0.0,Left
1,HAND_7,0.258593,0.733095,-0.173777,0.0,Left
1,HAND_8,0.266803,0.678106,-0.195308,0.0,Left
1,HAND_9,0.181662,0.892051,-0.096536,0.0,Left
1,HAND_10,0.188234,0.786423,-0.142849,0.0,Left
1,HAND_11,0.191807,0.714431,-0.18015,0.0,Left
1,HAND_12,0.193461,0.646774,-0.208744,0.0,Left
1,HAND_13,0.136134,0.917127,-0.097496,0.0,Left
1,HAND_14,0.127885,0.822642,-0.143262,0.0,Left
1,HAND_15,0.125003,0.755189,-0.179109,0.0,Left
1,HAND_16,0.125083,0.696381,-0.204572,0.0,Left
1,HAND_17,0.095219,0.961133,-0.101052,0.0,Left
1,HAND_18,0.065485,0.897346,-0.143623,0.0,Left
1,HAND_19,0.047788,0.852106,-0.17005,0.0,Left
1,HAND_20,0.033659,0.804826,-0.189288,0.0,Left
2,NOSE,0.437143,0.683752,-0.977889,0.999982,N/A
2,LEFT_EYE_INNER,0.469643,0.625886,-0.925388,0.999976,N/A
2,LEFT_EYE,0.487536,0.627577,-0.925524,0.999974,N/A
2,LEFT_EYE_OUTER,0.503164,0.630229,-0.925306,0.999972,N/A
2,RIGHT_EYE_INNER,0.409988,0.624526,-0.914728,0.999969,N/A
2,RIGHT_EYE,0.390178,0.626738,-0.914813,0.99996,N/A
2,RIGHT_EYE_OUTER,0.37423,0.629476,-0.915108,0.999959,N/A
2,LEFT_EAR,0.528395,0.66522,-0.56891,0.99998,N/A
2,RIGHT_EAR,0.353847,0.668364,-0.514143,0.999963,N/A
2,MOUTH_LEFT,0.470825,0.763344,-0.842489,0.999967,N/A
2,MOUTH_RIGHT,0.404102,0.75775,-0.828942,0.999965,N/A
2,LEFT_SHOULDER,0.625512,0.964917,-0.354124,0.998898,N/A
2,RIGHT_SHOULDER,0.257013,0.954805,-0.275435,0.99779,N/A
2,LEFT_ELBOW,0.759425,1.339661,-0.911981,0.647613,N/A
2,RIGHT_ELBOW,0.120699,1.35875,-0.77414,0.680351,N/A
2,LEFT_WRIST,0.729432,1.020857,-1.503396,0.974633,N/A
2,RIGHT_WRIST,0.138609,1.07259,-1.534952,0.973503,N/A
2,LEFT_PINKY,0.748591,0.901907,-1.585889,0.966555,N/A
2,RIGHT_PINKY,0.145852,0.957212,-1.651018,0.95901,N/A
2,LEFT_INDEX,0.723506,0.875386,-1.500671,0.973718,N/A
2,RIGHT_INDEX,0.170657,0.903248,-1.573641,0.968264,N/A
2,LEFT_THUMB,0.705823,0.934853,-1.484287,0.964069,N/A
2,RIGHT_THUMB,0.178934,0.966218,-1.52843,0.960353,N/A
2,LEFT_HIP,0.563632,1.678037,-0.044112,0.001521,N/A
2,RIGHT_HIP,0.309265,1.67836,0.048276,0.001496,N/A
2,LEFT_KNEE,0.576212,2.229211,-0.24371,0.003282,N/A
2,RIGHT_KNEE,0.348306,2.223749,-0.284325,0.001403,N/A
2,LEFT_ANKLE,0.607783,2.739064,0.105761,3.6e-05,N/A
2,RIGHT_ANKLE,0.380362,2.735504,-0.114974,1.7e-05,N/A
2,LEFT_HEEL,0.612811,2.820457,0.112519,1.7e-05,N/A
2,RIGHT_HEEL,0.380375,2.817251,-0.113025,1.3e-05,N/A
2,LEFT_FOOT_INDEX,0.582601,2.895661,-0.39522,0.000121,N/A
2,RIGHT_FOOT_INDEX,0.413717,2.883289,-0.640091,0.000148,N/A
2,HAND_0,0.681275,1.11928,1e-06,0.0,Right
2,HAND_1,0.626503,1.084762,-0.040551,0.0,Right
2,HAND_2,0.58992,1.021126,-0.066641,0.0,Right
2,HAND_3,0.56453,0.957419,-0.087705,0.0,Right
2,HAND_4,0.534348,0.898458,-0.1099,0.0,Right
2,HAND_5,0.637902,0.913775,-0.063674,0.0,Right
2,HAND_6,0.628253,0.813648,-0.096426,0.0,Right
2,HAND_7,0.620468,0.749227,-0.117972,0.0,Right
2,HAND_8,0.615315,0.693196,-0.13332,0.0,Right
2,HAND_9,0.687092,0.917638,-0.066025,0.0,Right
2,HAND_10,0.697643,0.807769,-0.097102,0.0,Right
2,HAND_11,0.701143,0.734833,-0.118875,0.0,Right
2,HAND_12,0.703556,0.671148,-0.13451,0.0,Right
2,HAND_13,0.729547,0.945985,-0.071543,0.0,Right
2,HAND_14,0.750496,0.847206,-0.1059,0.0,Right
2,HAND_15,0.757868,0.778562,-0.126356,0.0,Right
2,HAND_16,0.762246,0.715048,-0.14007,0.0,Right
2,HAND_17,0.766823,0.991585,-0.07908,0.0,Right
2,HAND_18,0.804855,0.929061,-0.112537,0.0,Right
2,HAND_19,0.826469,0.881387,-0.127255,0.0,Right
2,HAND_20,0.842501,0.831752,-0.136389,0.0,Right
2,HAND_0,0.176017,1.113955,1e-06,0.0,Left
2,HAND_1,0.234862,1.072605,-0.034839,0.0,Left
2,HAND_2,0.278831,1.001674,-0.055179,0.0,Left
2,HAND_3,0.310716,0.937046,-0.072462,0.0,Left
2,HAND_4,0.340217,0.878178,-0.09091,0.0,Left
2,HAND_5,0.228196,0.896972,-0.050637,0.0,Left
2,HAND_6,0.247173,0.795805,-0.081172,0.0,Left
2,HAND_7,0.258597,0.731985,-0.101989,0.0,Left
2,HAND_8,0.26707,0.67726,-0.116674,0.0,Left
2,HAND_9,0.182391,0.894642,-0.054106,0.0,Left
2,HAND_10,0.190048,0.787312,-0.08236,0.0,Left
2,HAND_11,0.191873,0.71377,-0.103935,0.0,Left
2,HAND_12,0.192897,0.650232,-0.120086,0.0,Left
2,HAND_13,0.138992,0.918847,-0.060729,0.0,Left
2,HAND_14,0.131383,0.820862,-0.089544,0.0,Left
2,HAND_15,0.126891,0.753268,-0.109517,0.0,Left
2,HAND_16,0.126853,0.693906,-0.123718,0.0,Left
2,HAND_17,0.099847,0.964204,-0.069683,0.0,Left
2,HAND_18,0.067224,0.901308,-0.099696,0.0,Left
2,HAND_19,0.047609,0.854617,-0.114862,0.0,Left
2,HAND_20,0.033207,0.805896,-0.124468,0.0,Left
3,NOSE,0.43486,0.683784,-0.975475,0.999978,N/A
3,LEFT_EYE_INNER,0.467589,0.626702,-0.926252,0.999972,N/A
3,LEFT_EYE,0.485549,0.628345,-0.926393,0.999968,N/A
3,LEFT_EYE_OUTER,0.501307,0.631017,-0.926244,0.999966,N/A
3,RIGHT_EYE_INNER,0.409032,0.626289,-0.912669,0.999964,N/A
3,RIGHT_EYE,0.389343,0.629248,-0.912788,0.999953,N/A
3,RIGHT_EYE_OUTER,0.37383,0.632439,-0.913064,0.999953,N/A
3,LEFT_EAR,0.527625,0.66527,-0.583365,0.999974,N/A
3,RIGHT_EAR,0.353888,0.67103,-0.514772,0.999956,N/A
3,MOUTH_LEFT,0.469936,0.761938,-0.843887,0.999954,N/A
3,MOUTH_RIGHT,0.403037,0.757259,-0.826514,0.999952,N/A
3,LEFT_SHOULDER,0.630837,0.964858,-0.412009,0.998305,N/A
3,RIGHT_SHOULDER,0.258508,0.955605,-0.287499,0.996843,N/A
3,LEFT_ELBOW,0.775985,1.315572,-1.042766,0.639634,N/A
3,RIGHT_ELBOW,0.11175,1.353896,-0.896876,0.661306,N/A
3,LEFT_WRIST,0.737578,1.023731,-1.682832,0.967784,N/A
3,RIGHT_WRIST,0.135792,1.069373,-1.772795,0.964751,N/A
3,LEFT_PINKY,0.761863,0.93627,-1.796057,0.960357,N/A
3,RIGHT_PINKY,0.143703,0.960806,-1.915017,0.950473,N/A
3,LEFT_INDEX,0.745629,0.895749,-1.706931,0.969114,N/A
3,RIGHT_INDEX,0.170662,0.903832,-1.834558,0.961786,N/A
3,LEFT_THUMB,0.725865,0.941448,-1.667182,0.957248,N/A
3,RIGHT_THUMB,0.177436,0.970535,-1.771368,0.952292,N/A
3,LEFT_HIP,0.567039,1.688139,-0.080403,0.001828,N/A
3,RIGHT_HIP,0.314657,1.688105,0.08447,0.001865,N/A
3,LEFT_KNEE,0.580386,2.129536,-0.27547,0.003529,N/A
3,RIGHT_KNEE,0.337625,2.187215,-0.220308,0.001485,N/A
3,LEFT_ANKLE,0.610549,2.692112,0.170312,4e-05,N/A
3,RIGHT_ANKLE,0.389937,2.694674,0.111585,2e-05,N/A
3,LEFT_HEEL,0.616937,2.788321,0.192154,1.8e-05,N/A
3,RIGHT_HEEL,0.396663,2.773227,0.135512,1.6e-05,N/A
3,LEFT_FOOT_INDEX,0.582605,2.847402,-0.273912,0.000135,N/A
3,RIGHT_FOOT_INDEX,0.414475,2.844584,-0.316624,0.000175,N/A
3,HAND_0,0.689988,1.124577,1e-06,0.0,Right
3,HAND_1,0.631085,1.090336,-0.04737,0.0,Right
3,HAND_2,0.595557,1.021901,-0.079012,0.0,Right
3,HAND_3,0.572874,0.957662,-0.104408,0.0,Right
3,HAND_4,0.541645,0.894584,-0.13262,0.0,Right
3,HAND_5,0.646763,0.921542,-0.087715,0.0,Right
3,HAND_6,0.638491,0.818717,-0.127842,0.0,Right
3,HAND_7,0.632244,0.753237,-0.153744,0.0,Right
3,HAND_8,0.628665,0.695706,-0.172421,0.0,Right
3,HAND_9,0.697505,0.93133,-0.09032,0.0,Right
3,HAND_10,0.710075,0.818141,-0.129605,0.0,Right
3,HAND_11,0.715806,0.743902,-0.158176,0.0,Right
3,HAND_12,0.721385,0.675816,-0.17978,0.0,Right
3,HAND_13,0.740306,0.964239,-0.095445,0.0,Right
3,HAND_14,0.76388,0.864449,-0.136627,0.0,Right
3,HAND_15,0.773264,0.793629,-0.164775,0.0,Right
3,HAND_16,0.78073,0.728609,-0.185002,0.0,Right
3,HAND_17,0.77657,1.012807,-0.102477,0.0,Right
3,HAND_18,0.81625,0.94924,-0.14096,0.0,Right
3,HAND_19,0.839283,0.899605,-0.161137,0.0,Right
3,HAND_20,0.857177,0.847684,-0.175901,0.0,Right
3,HAND_0,0.174223,1.108722,1e-06,0.0,Left
3,HAND_1,0.235982,1.072119,-0.041233,0.0,Left
3,HAND_2,0.278627,1.006326,-0.065859,0.0,Left
3,HAND_3,0.310514,0.941885,-0.086423,0.0,Left
3,HAND_4,0.340881,0.87996,-0.108512,0.0,Left
3,HAND_5,0.228412,0.899437,-0.06019,0.0,Left
3,HAND_6,0.247337,0.800004,-0.094608,0.0,Left
3,HAND_7,0.258052,0.734939,-0.117979,0.0,Left
3,HAND_8,0.265555,0.679766,-0.134147,0.0,Left
3,HAND_9,0.182156,0.896298,-0.061453,0.0,Left
3,HAND_10,0.187466,0.788852,-0.092178,0.0,Left
3,HAND_11,0.187872,0.716736,-0.115204,0.0,Left
3,HAND_12,0.187606,0.653755,-0.132516,0.0,Left
3,HAND_13,0.138288,0.920806,-0.066298,0.0,Left
3,HAND_14,0.128617,0.82356,-0.097482,0.0,Left
3,HAND_15,0.121644,0.756361,-0.119321,0.0,Left
3,HAND_16,0.119293,0.697562,-0.134632,0.0,Left
3,HAND_17,0.098973,0.96604,-0.073858,0.0,Left
3,HAND_18,0.065401,0.904664,-0.10566,0.0,Left
3,HAND_19,0.044875,0.857503,-0.122656,0.0,Left
3,HAND_20,0.0301,0.80903,-0.133591,0.0,Left
4,NOSE,0.432942,0.683321,-0.959359,0.999973,N/A
4,LEFT_EYE_INNER,0.466175,0.626856,-0.915028,0.999965,N/A
4,LEFT_EYE,0.484212,0.628657,-0.915153,0.999959,N/A
4,LEFT_EYE_OUTER,0.500096,0.63154,-0.91502,0.999957,N/A
4,RIGHT_EYE_INNER,0.408417,0.62622,-0.898031,0.999956,N/A
4,RIGHT_EYE,0.388829,0.629026,-0.898115,0.999943,N/A
4,RIGHT_EYE_OUTER,0.373598,0.63214,-0.898364,0.999945,N/A
4,LEFT_EAR,0.527504,0.665405,-0.590421,0.999965,N/A
4,RIGHT_EAR,0.353953,0.671132,-0.511359,0.999946,N/A
4,MOUTH_LEFT,0.468124,0.759326,-0.831828,0.99994,N/A
4,MOUTH_RIGHT,0.401227,0.754769,-0.812068,0.99994,N/A
4,LEFT_SHOULDER,0.636924,0.964515,-0.410389,0.997727,N/A
4,RIGHT_SHOULDER,0.259275,0.956489,-0.258726,0.996563,N/A
4,LEFT_ELBOW,0.778535,1.309522,-1.023196,0.624857,N/A
4,RIGHT_ELBOW,0.110959,1.358724,-0.883577,0.64949,N/A
4,LEFT_WRIST,0.752857,1.025194,-1.674459,0.963078,N/A
4,RIGHT_WRIST,0.134227,1.06941,-1.685186,0.963592,N/A
4,LEFT_PINKY,0.781251,0.93195,-1.785795,0.956561,N/A
4,RIGHT_PINKY,0.139221,0.959725,-1.822221,0.949756,N/A
4,LEFT_INDEX,0.781196,0.896822,-1.704883,0.966145,N/A
4,RIGHT_INDEX,0.161967,0.903864,-1.743667,0.961335,N/A
4,LEFT_THUMB,0.756354,0.941478,-1.663054,0.953065,N/A
4,RIGHT_THUMB,0.172952,0.968939,-1.683921,0.951554,N/A
4,LEFT_HIP,0.575429,1.695358,-0.094468,0.001938,N/A
4,RIGHT_HIP,0.321039,1.695553,0.098664,0.002033,N/A
4,LEFT_KNEE,0.585173,2.157362,-0.250462,0.003703,N/A
4,RIGHT_KNEE,0.344082,2.2363,-0.100833,0.00153,N/A
4,LEFT_ANKLE,0.625009,2.738711,0.215266,4e-05,N/A
4,RIGHT_ANKLE,0.398222,2.743942,0.178428,2.2e-05,N/A
4,LEFT_HEEL,0.633926,2.838874,0.235524,1.8e-05,N/A
4,RIGHT_HEEL,0.403749,2.826337,0.196472,1.7e-05,N/A
4,LEFT_FOOT_INDEX,0.596308,2.891188,-0.248701,0.000139,N/A
4,RIGHT_FOOT_INDEX,0.422332,2.888523,-0.296385,0.000187,N/A
4,HAND_0,0.694304,1.12234,1e-06,0.0,Right
4,HAND_1,0.638485,1.084621,-0.038992,0.0,Right
4,HAND_2,0.603203,1.017338,-0.065795,0.0,Right
4,HAND_3,0.579363,0.953546,-0.087935,0.0,Right
4,HAND_4,0.550087,0.893129,-0.111689,0.0,Right
4,HAND_5,0.654226,0.919127,-0.068315,0.0,Right
4,HAND_6,0.652043,0.818759,-0.101966,0.0,Right
4,HAND_7,0.649715,0.755231,-0.122921,0.0,Right
4,HAND_8,0.649471,0.699313,-0.137736,0.0,Right
4,HAND_9,0.701741,0.929533,-0.072201,0.0,Right
4,HAND_10,0.719634,0.820852,-0.104291,0.0,Right
4,HAND_11,0.727702,0.747946,-0.125586,0.0,Right
4,HAND_12,0.734212,0.682936,-0.141088,0.0,Right
4,HAND_13,0.741443,0.963523,-0.078825,0.0,Right
4,HAND_14,0.768164,0.864349,-0.114465,0.0,Right
4,HAND_15,0.779223,0.795727,-0.135555,0.0,Right
4,HAND_16,0.786599,0.731526,-0.149827,0.0,Right
4,HAND_17,0.774763,1.013818,-0.087086,0.0,Right
4,HAND_18,0.817434,0.953497,-0.122059,0.0,Right
4,HAND_19,0.842892,0.906723,-0.137861,0.0,Right
4,HAND_20,0.862055,0.857421,-0.147954,0.0,Right
4,HAND_0,0.177871,1.11032,1e-06,0.0,Left
4,HAND_1,0.23734,1.072043,-0.039292,0.0,Left
4,HAND_2,0.278805,1.005921,-0.062992,0.0,Left
4,HAND_3,0.310144,0.942258,-0.083023,0.0,Left
4,HAND_4,0.338353,0.880674,-0.104367,0.0,Left
4,HAND_5,0.227237,0.899345,-0.057147,0.0,Left
4,HAND_6,0.244487,0.80065,-0.090621,0.0,Left
4,HAND_7,0.255569,0.736868,-0.113442,0.0,Left
4,HAND_8,0.263949,0.68237,-0.129224,0.0,Left
4,HAND_9,0.181682,0.896551,-0.059017,0.0,Left
4,HAND_10,0.186451,0.789368,-0.088831,0.0,Left
4,HAND_11,0.186629,0.717875,-0.111123,0.0,Left
4,HAND_12,0.186195,0.655313,-0.127826,0.0,Left
4,HAND_13,0.138616,0.920843,-0.064384,0.0,Left
4,HAND_14,0.128211,0.823757,-0.094671,0.0,Left
4,HAND_15,0.121007,0.756432,-0.115704,0.0,Left
4,HAND_16,0.118228,0.697794,-0.130438,0.0,Left
4,HAND_17,0.100167,0.965783,-0.07238,0.0,Left
4,HAND_18,0.066802,0.903746,-0.103467,0.0,Left
4,HAND_19,0.045935,0.856497,-0.119775,0.0,Left
4,HAND_20,0.030181,0.808445,-0.130171,0.0,Left
5,NOSE,0.43307,0.683375,-0.993003,0.999949,N/A
5,LEFT_EYE_INNER,0.466186,0.6269,-0.956127,0.999935,N/A
5,LEFT_EYE,0.484279,0.628705,-0.956164,0.999925,N/A
5,LEFT_EYE_OUTER,0.500154,0.631571,-0.956013,0.999921,N/A
5,RIGHT_EYE_INNER,0.408426,0.626318,-0.938887,0.999918,N/A
5,RIGHT_EYE,0.38882,0.629079,-0.93914,0.999898,N/A
5,RIGHT_EYE_OUTER,0.373585,0.632219,-0.939381,0.999906,N/A
5,LEFT_EAR,0.528365,0.665185,-0.645574,0.999932,N/A
5,RIGHT_EAR,0.354246,0.672233,-0.561549,0.999896,N/A
5,MOUTH_LEFT,0.468417,0.758925,-0.869199,0.99989,N/A
5,MOUTH_RIGHT,0.40157,0.75497,-0.847606,0.999889,N/A
5,LEFT_SHOULDER,0.640602,0.964116,-0.435247,0.997173,N/A
5,RIGHT_SHOULDER,0.261161,0.955044,-0.30283,0.995948,N/A
5,LEFT_ELBOW,0.782998,1.310781,-0.982835,0.621767,N/A
5,RIGHT_ELBOW,0.110251,1.360115,-0.845744,0.642553,N/A
5,LEFT_WRIST,0.749533,1.02459,-1.618264,0.962662,N/A
5,RIGHT_WRIST,0.134253,1.057088,-1.653391,0.963309,N/A
5,LEFT_PINKY,0.771017,0.927647,-1.724991,0.955679,N/A
5,RIGHT_PINKY,0.138867,0.942481,-1.751335,0.949078,N/A
5,LEFT_INDEX,0.763161,0.894488,-1.57574,0.965167,N/A
5,RIGHT_INDEX,0.162589,0.899652,-1.650824,0.960707,N/A
5,LEFT_THUMB,0.735446,0.935762,-1.644761,0.951438,N/A
5,RIGHT_THUMB,0.173315,0.945382,-1.633208,0.950354,N/A
5,LEFT_HIP,0.576337,1.69241,-0.085814,0.001988,N/A
5,RIGHT_HIP,0.32174,1.693931,0.09011,0.002069,N/A
5,LEFT_KNEE,0.587223,2.160382,-0.251407,0.004038,N/A
5,RIGHT_KNEE,0.346602,2.246965,-0.12234,0.001584,N/A
5,LEFT_ANKLE,0.626806,2.742569,0.183177,4.8e-05,N/A
5,RIGHT_ANKLE,0.399797,2.751526,0.10117,2.4e-05,N/A
5,LEFT_HEEL,0.633597,2.83845,0.198489,2e-05,N/A
5,RIGHT_HEEL,0.404153,2.833523,0.112462,1.9e-05,N/A
5,LEFT_FOOT_INDEX,0.603997,2.902329,-0.290231,0.000165,N/A
5,RIGHT_FOOT_INDEX,0.431463,2.89537,-0.390431,0.000225,N/A
5,HAND_0,0.692554,1.118683,0.0,0.0,Right
5,HAND_1,0.640059,1.076944,-0.034777,0.0,Right
5,HAND_2,0.607616,1.003213,-0.058921,0.0,Right
5,HAND_3,0.589279,0.938357,-0.079744,0.0,Right
5,HAND_4,0.567805,0.869081,-0.102259,0.0,Right
5,HAND_5,0.668175,0.909462,-0.057688,0.0,Right
5,HAND_6,0.667392,0.820016,-0.089723,0.0,Right
5,HAND_7,0.661226,0.764547,-0.112748,0.0,Right
5,HAND_8,0.654723,0.711903,-0.130692,0.0,Right
5,HAND_9,0.707919,0.922414,-0.063124,0.0,Right
5,HAND_10,0.72526,0.821985,-0.09433,0.0,Right
5,HAND_11,0.732314,0.754847,-0.119739,0.0,Right
5,HAND_12,0.735951,0.689434,-0.140076,0.0,Right
5,HAND_13,0.737425,0.95877,-0.071366,0.0,Right
5,HAND_14,0.753722,0.874776,-0.104985,0.0,Right
5,HAND_15,0.756038,0.819587,-0.129265,0.0,Right
5,HAND_16,0.752329,0.76695,-0.147167,0.0,Right
5,HAND_17,0.762871,1.011084,-0.081238,0.0,Right
5,HAND_18,0.782951,0.955895,-0.114232,0.0,Right
5,HAND_19,0.787163,0.91751,-0.13224,0.0,Right
5,HAND_20,0.78372,0.879155,-0.145712,0.0,Right
5,HAND_0,0.163663,1.119527,0.0,0.0,Left
5,HAND_1,0.22503,1.069159,-0.029312,0.0,Left
5,HAND_2,0.262848,1.000988,-0.042359,0.0,Left
5,HAND_3,0.284495,0.930595,-0.054557,0.0,Left
5,HAND_4,0.296465,0.864149,-0.067069,0.0,Left
5,HAND_5,0.211029,0.908212,-0.011793,0.0,Left
5,HAND_6,0.21855,0.829205,-0.036166,0.0,Left
5,HAND_7,0.235141,0.795746,-0.058211,0.0,Left
5,HAND_8,0.257513,0.768843,-0.072942,0.0,Left
5,HAND_9,0.175204,0.904346,-0.011918,0.0,Left
5,HAND_10,0.181009,0.813919,-0.031408,0.0,Left
5,HAND_11,0.194797,0.762053,-0.052251,0.0,Left
5,HAND_12,0.217571,0.718233,-0.068183,0.0,Left
5,HAND_13,0.140547,0.920836,-0.01752,0.0,Left
5,HAND_14,0.140298,0.835822,-0.038177,0.0,Left
5,HAND_15,0.152112,0.782475,-0.055604,0.0,Left
5,HAND_16,0.174631,0.739053,-0.067743,0.0,Left
5,HAND_17,0.106508,0.952106,-0.026109,0.0,Left
5,HAND_18,0.100295,0.887994,-0.045211,0.0,Left
5,HAND_19,0.107347,0.847113,-0.055719,0.0,Left
5,HAND_20,0.123595,0.813828,-0.062837,0.0,Left
6,NOSE,0.433142,0.682903,-0.980193,0.999949,N/A
6,LEFT_EYE_INNER,0.46625,0.6261,-0.936758,0.999936,N/A
6,LEFT_EYE,0.484406,0.627792,-0.936773,0.999926,N/A
6,LEFT_EYE_OUTER,0.500433,0.630256,-0.936566,0.999923,N/A
6,RIGHT_EYE_INNER,0.408029,0.626153,-0.926032,0.999918,N/A
6,RIGHT_EYE,0.388158,0.628976,-0.926015,0.999896,N/A
6,RIGHT_EYE_OUTER,0.373227,0.632038,-0.926209,0.999902,N/A
6,LEFT_EAR,0.529544,0.663289,-0.623462,0.999935,N/A
6,RIGHT_EAR,0.353756,0.672144,-0.548733,0.999891,N/A
6,MOUTH_LEFT,0.469548,0.756626,-0.85151,0.999892,N/A
6,MOUTH_RIGHT,0.401606,0.7545,-0.837134,0.999887,N/A
6,LEFT_SHOULDER,0.643199,0.959125,-0.412074,0.997386,N/A
6,RIGHT_SHOULDER,0.256526,0.950888,-0.299448,0.995935,N/A
6,LEFT_ELBOW,0.782006,1.349726,-0.933884,0.636327,N/A
6,RIGHT_ELBOW,0.12426,1.377315,-0.784305,0.629951,N/A
6,LEFT_WRIST,0.747429,1.038371,-1.460901,0.962334,N/A
6,RIGHT_WRIST,0.137723,1.060981,-1.559811,0.95777,N/A
6,LEFT_PINKY,0.755691,0.936271,-1.543493,0.953947,N/A
6,RIGHT_PINKY,0.139027,0.942977,-1.676733,0.940357,N/A
6,LEFT_INDEX,0.744993,0.899432,-1.437426,0.963823,N/A
6,RIGHT_INDEX,0.16275,0.904936,-1.606195,0.953756,N/A
6,LEFT_THUMB,0.72592,0.937222,-1.448391,0.949508,N/A
6,RIGHT_THUMB,0.17384,0.944072,-1.559082,0.942659,N/A
6,LEFT_HIP,0.581888,1.683564,-0.076545,0.001957,N/A
6,RIGHT_HIP,0.321406,1.692632,0.081364,0.002008,N/A
6,LEFT_KNEE,0.599681,2.184392,-0.237238,0.00405,N/A
6,RIGHT_KNEE,0.358673,2.246348,-0.236514,0.001544,N/A
6,LEFT_ANKLE,0.641869,2.748807,0.155583,4.9e-05,N/A
6,RIGHT_ANKLE,0.403005,2.760816,-0.084103,2.4e-05,N/A
6,LEFT_HEEL,0.647631,2.840846,0.15921,2.1e-05,N/A
6,RIGHT_HEEL,0.407944,2.845961,-0.087571,1.9e-05,N/A
6,LEFT_FOOT_INDEX,0.621607,2.913836,-0.362473,0.000169,N/A
6,RIGHT_FOOT_INDEX,0.437918,2.907634,-0.63634,0.000224,N/A
6,HAND_0,0.705373,1.12437,0.0,0.0,Right
6,HAND_1,0.651921,1.083102,-0.026066,0.0,Right
6,HAND_2,0.618212,1.015368,-0.045021,0.0,Right
6,HAND_3,0.607365,0.955511,-0.062224,0.0,Right
6,HAND_4,0.602019,0.892742,-0.079395,0.0,Right
6,HAND_5,0.669461,0.918526,-0.036602,0.0,Right
6,HAND_6,0.660974,0.836778,-0.065427,0.0,Right
6,HAND_7,0.648562,0.790632,-0.088027,0.0,Right
6,HAND_8,0.632953,0.749653,-0.103688,0.0,Right
6,HAND_9,0.711322,0.923654,-0.042165,0.0,Right
6,HAND_10,0.728069,0.830304,-0.0668,0.0,Right
6,HAND_11,0.725365,0.769894,-0.087171,0.0,Right
6,HAND_12,0.714235,0.71847,-0.102128,0.0,Right
6,HAND_13,0.743963,0.95282,-0.05078,0.0,Right
6,HAND_14,0.76388,0.874336,-0.076152,0.0,Right
6,HAND_15,0.755782,0.824287,-0.092924,0.0,Right
6,HAND_16,0.736465,0.781605,-0.104016,0.0,Right
6,HAND_17,0.770708,0.999118,-0.061083,0.0,Right
6,HAND_18,0.789629,0.945009,-0.08539,0.0,Right
6,HAND_19,0.784086,0.908508,-0.095941,0.0,Right
6,HAND_20,0.765747,0.877606,-0.102192,0.0,Right
6,HAND_0,0.173592,1.111429,0.0,0.0,Left
6,HAND_1,0.229647,1.05906,-0.024753,0.0,Left
6,HAND_2,0.264791,0.990891,-0.032276,0.0,Left
6,HAND_3,0.280902,0.92414,-0.040378,0.0,Left
6,HAND_4,0.279541,0.862359,-0.048637,0.0,Left
6,HAND_5,0.211913,0.907955,0.003187,0.0,Left
6,HAND_6,0.222251,0.83594,-0.017363,0.0,Left
6,HAND_7,0.237546,0.810364,-0.039178,0.0,Left
6,HAND_8,0.254399,0.809798,-0.052053,0.0,Left
6,HAND_9,0.180404,0.903786,0.004204,0.0,Left
6,HAND_10,0.186366,0.81743,-0.014232,0.0,Left
6,HAND_11,0.202971,0.790374,-0.039499,0.0,Left
6,HAND_12,0.225318,0.796407,-0.056904,0.0,Left
6,HAND_13,0.148704,0.915664,-6.3e-05,0.0,Left
6,HAND_14,0.148796,0.828667,-0.021142,0.0,Left
6,HAND_15,0.162785,0.800811,-0.045567,0.0,Left
6,HAND_16,0.184065,0.813118,-0.060215,0.0,Left
6,HAND_17,0.113408,0.941471,-0.006366,0.0,Left
6,HAND_18,0.110509,0.873229,-0.027076,0.0,Left
6,HAND_19,0.124378,0.841702,-0.043834,0.0,Left
6,HAND_20,0.146319,0.841228,-0.053927,0.0,Left
7,NOSE,0.434067,0.682835,-1.022771,0.999946,N/A
7,LEFT_EYE_INNER,0.467008,0.626076,-0.978948,0.999934,N/A
7,LEFT_EYE,0.48546,0.627742,-0.979006,0.999924,N/A
7,LEFT_EYE_OUTER,0.501635,0.630128,-0.978812,0.999922,N/A
7,RIGHT_EYE_INNER,0.408047,0.626115,-0.972691,0.999914,N/A
7,RIGHT_EYE,0.388091,0.628898,-0.972711,0.999891,N/A
7,RIGHT_EYE_OUTER,0.373185,0.632,-0.972937,0.999897,N/A
7,LEFT_EAR,0.531164,0.662459,-0.640317,0.999934,N/A
7,RIGHT_EAR,0.353709,0.672065,-0.599789,0.999885,N/A
7,MOUTH_LEFT,0.472136,0.755908,-0.887546,0.999888,N/A
7,MOUTH_RIGHT,0.402678,0.754371,-0.879131,0.99988,N/A
7,LEFT_SHOULDER,0.649395,0.955592,-0.427502,0.997494,N/A
7,RIGHT_SHOULDER,0.252276,0.947989,-0.325523,0.995813,N/A
7,LEFT_ELBOW,0.781419,1.348051,-0.926233,0.641545,N/A
7,RIGHT_ELBOW,0.124304,1.377033,-0.784326,0.607392,N/A
7,LEFT_WRIST,0.746039,1.045265,-1.45657,0.960827,N/A
7,RIGHT_WRIST,0.138507,1.07534,-1.55446,0.949587,N/A
7,LEFT_PINKY,0.753144,0.93731,-1.53746,0.95166,N/A
7,RIGHT_PINKY,0.138514,0.952439,-1.673789,0.929201,N/A
7,LEFT_INDEX,0.740558,0.903091,-1.443009,0.962032,N/A
7,RIGHT_INDEX,0.161724,0.916892,-1.604844,0.944882,N/A
7,LEFT_THUMB,0.723326,0.938376,-1.44076,0.946684,N/A
7,RIGHT_THUMB,0.173797,0.944751,-1.554992,0.932539,N/A
7,LEFT_HIP,0.590676,1.673842,-0.075343,0.002003,N/A
7,RIGHT_HIP,0.325953,1.690776,0.079888,0.002074,N/A
7,LEFT_KNEE,0.61198,2.186128,-0.226147,0.004467,N/A
7,RIGHT_KNEE,0.368989,2.244576,-0.30656,0.001661,N/A
7,LEFT_ANKLE,0.652579,2.748594,0.162923,5.4e-05,N/A
7,RIGHT_ANKLE,0.416353,2.761152,-0.089673,2.7e-05,N/A
7,LEFT_HEEL,0.655768,2.840685,0.170471,2.3e-05,N/A
7,RIGHT_HEEL,0.422937,2.847151,-0.085034,2e-05,N/A
7,LEFT_FOOT_INDEX,0.634408,2.914619,-0.345766,0.000193,N/A
7,RIGHT_FOOT_INDEX,0.450748,2.907249,-0.619371,0.000251,N/A
7,HAND_0,0.706343,1.106067,0.0,0.0,Right
7,HAND_1,0.650601,1.07601,-0.040891,0.0,Right
7,HAND_2,0.617321,1.010047,-0.066945,0.0,Right
7,HAND_3,0.607581,0.950419,-0.088635,0.0,Right
7,HAND_4,0.601283,0.882599,-0.111675,0.0,Right
7,HAND_5,0.670399,0.921712,-0.063184,0.0,Right
7,HAND_6,0.660116,0.83949,-0.09895,0.0,Right
7,HAND_7,0.646874,0.792508,-0.125819,0.0,Right
7,HAND_8,0.632626,0.748816,-0.146007,0.0,Right
7,HAND_9,0.713605,0.927342,-0.065434,0.0,Right
7,HAND_10,0.725433,0.834716,-0.099086,0.0,Right
7,HAND_11,0.722215,0.77685,-0.129242,0.0,Right
7,HAND_12,0.713562,0.720814,-0.153576,0.0,Right
7,HAND_13,0.746988,0.95405,-0.070972,0.0,Right
7,HAND_14,0.76474,0.87406,-0.106268,0.0,Right
7,HAND_15,0.76256,0.822476,-0.134916,0.0,Right
7,HAND_16,0.751475,0.777539,-0.156212,0.0,Right
7,HAND_17,0.776395,0.996982,-0.078521,0.0,Right
7,HAND_18,0.800697,0.940924,-0.112211,0.0,Right
7,HAND_19,0.804554,0.902184,-0.133584,0.0,Right
7,HAND_20,0.795709,0.868151,-0.150092,0.0,Right
7,HAND_0,0.176099,1.102835,0.0,0.0,Left
7,HAND_1,0.231577,1.055268,-0.029763,0.0,Left
7,HAND_2,0.265393,0.991197,-0.039771,0.0,Left
7,HAND_3,0.274216,0.925026,-0.04926,0.0,Left
7,HAND_4,0.265459,0.863173,-0.05922,0.0,Left
7,HAND_5,0.215706,0.907134,-0.005442,0.0,Left
7,HAND_6,0.230401,0.837644,-0.026994,0.0,Left
7,HAND_7,0.243051,0.812507,-0.049378,0.0,Left
7,HAND_8,0.258182,0.810505,-0.06353,0.0,Left
7,HAND_9,0.183801,0.902799,-0.002678,0.0,Left
7,HAND_10,0.191806,0.818216,-0.021708,0.0,Left
7,HAND_11,0.204674,0.789388,-0.049701,0.0,Left
7,HAND_12,0.225589,0.788014,-0.070686,0.0,Left
7,HAND_13,0.150659,0.91534,-0.005125,0.0,Left
7,HAND_14,0.15127,0.829442,-0.027836,0.0,Left
7,HAND_15,0.161606,0.799634,-0.056999,0.0,Left
7,HAND_16,0.182325,0.810592,-0.076039,0.0,Left
7,HAND_17,0.114022,0.942801,-0.009622,0.0,Left
7,HAND_18,0.109517,0.878825,-0.03257,0.0,Left
7,HAND_19,0.121126,0.8447,-0.053737,0.0,Left
7,HAND_20,0.142771,0.841502,-0.068015,0.0,Left
8,NOSE,0.434139,0.682428,-1.080537,0.999947,N/A
8,LEFT_EYE_INNER,0.467182,0.625956,-1.029024,0.999935,N/A
8,LEFT_EYE,0.485841,0.627589,-1.029082,0.999926,N/A
8,LEFT_EYE_OUTER,0.502104,0.62993,-1.028953,0.999923,N/A
8,RIGHT_EYE_INNER,0.408063,0.625974,-1.026486,0.999915,N/A
8,RIGHT_EYE,0.388002,0.628681,-1.026625,0.999893,N/A
8,RIGHT_EYE_OUTER,0.372987,0.631784,-1.026878,0.999899,N/A
8,LEFT_EAR,0.531528,0.661643,-0.661915,0.999936,N/A
8,RIGHT_EAR,0.353486,0.671999,-0.640382,0.999888,N/A
8,MOUTH_LEFT,0.47223,0.75522,-0.937894,0.999892,N/A
8,MOUTH_RIGHT,0.402459,0.7543,-0.934367,0.999883,N/A
8,LEFT_SHOULDER,0.64378,0.955158,-0.447704,0.997502,N/A
8,RIGHT_SHOULDER,0.252344,0.948049,-0.431331,0.995865,N/A
8,LEFT_ELBOW,0.765087,1.357103,-1.100542,0.647084,N/A
8,RIGHT_ELBOW,0.140619,1.389809,-1.045588,0.620181,N/A
8,LEFT_WRIST,0.739074,1.044031,-1.818203,0.961572,N/A
8,RIGHT_WRIST,0.156731,1.068213,-1.899221,0.952539,N/A
8,LEFT_PINKY,0.748672,0.935956,-1.943136,0.952798,N/A
8,RIGHT_PINKY,0.146298,0.92861,-2.059863,0.933254,N/A
8,LEFT_INDEX,0.725903,0.895259,-1.862159,0.962935,N/A
8,RIGHT_INDEX,0.168147,0.886905,-1.980935,0.948034,N/A
8,LEFT_THUMB,0.694694,0.935566,-1.809599,0.947572,N/A
8,RIGHT_THUMB,0.181808,0.939848,-1.897749,0.935799,N/A
8,LEFT_HIP,0.574138,1.67374,-0.063108,0.002255,N/A
8,RIGHT_HIP,0.310987,1.688667,0.067365,0.00241,N/A
8,LEFT_KNEE,0.588997,2.186818,-0.313391,0.005409,N/A
8,RIGHT_KNEE,0.352597,2.243562,-0.363799,0.002033,N/A
8,LEFT_ANKLE,0.610935,2.749507,0.074197,6.8e-05,N/A
8,RIGHT_ANKLE,0.391787,2.767171,-0.158356,3.2e-05,N/A
8,LEFT_HEEL,0.61176,2.839837,0.083327,2.9e-05,N/A
8,RIGHT_HEEL,0.393989,2.852711,-0.154307,2.4e-05,N/A
8,LEFT_FOOT_INDEX,0.584765,2.918454,-0.438902,0.000231,N/A
8,RIGHT_FOOT_INDEX,0.427535,2.917465,-0.705745,0.0003,N/A
8,HAND_0,0.703459,1.07713,1e-06,0.0,Right
8,HAND_1,0.649832,1.041482,-0.032323,0.0,Right
8,HAND_2,0.613411,0.976125,-0.05343,0.0,Right
8,HAND_3,0.597477,0.909416,-0.070061,0.0,Right
8,HAND_4,0.582854,0.844749,-0.086413,0.0,Right
8,HAND_5,0.666474,0.881465,-0.048253,0.0,Right
8,HAND_6,0.65297,0.791462,-0.076584,0.0,Right
8,HAND_7,0.644894,0.73452,-0.096563,0.0,Right
8,HAND_8,0.63956,0.684613,-0.1103,0.0,Right
8,HAND_9,0.711647,0.885222,-0.050482,0.0,Right
8,HAND_10,0.720786,0.786179,-0.076195,0.0,Right
8,HAND_11,0.72455,0.720125,-0.095334,0.0,Right
8,HAND_12,0.726602,0.663093,-0.108257,0.0,Right
8,HAND_13,0.749966,0.912285,-0.055459,0.0,Right
8,HAND_14,0.766113,0.821931,-0.082655,0.0,Right
8,HAND_15,0.770633,0.759977,-0.10028,0.0,Right
8,HAND_16,0.771179,0.703024,-0.111413,0.0,Right
8,HAND_17,0.784529,0.95763,-0.061878,0.0,Right
8,HAND_18,0.811763,0.895453,-0.088025,0.0,Right
8,HAND_19,0.820704,0.850101,-0.099341,0.0,Right
8,HAND_20,0.821909,0.805411,-0.10543,0.0,Right
8,HAND_0,0.181759,1.0629,1e-06,0.0,Left
8,HAND_1,0.234055,1.023002,-0.026353,0.0,Left
8,HAND_2,0.272178,0.955219,-0.037539,0.0,Left
8,HAND_3,0.285982,0.887838,-0.046556,0.0,Left
8,HAND_4,0.293509,0.825746,-0.055344,0.0,Left
8,HAND_5,0.219974,0.861659,-0.017505,0.0,Left
8,HAND_6,0.232549,0.785373,-0.037641,0.0,Left
8,HAND_7,0.245267,0.743836,-0.053417,0.0,Left
8,HAND_8,0.260235,0.71429,-0.063175,0.0,Left
8,HAND_9,0.17969,0.853452,-0.017108,0.0,Left
8,HAND_10,0.185964,0.768601,-0.033078,0.0,Left
8,HAND_11,0.196392,0.716794,-0.047761,0.0,Left
8,HAND_12,0.210799,0.678655,-0.057837,0.0,Left
8,HAND_13,0.141793,0.866581,-0.02088,0.0,Left
8,HAND_14,0.136897,0.780764,-0.038591,0.0,Left
8,HAND_15,0.143148,0.727647,-0.052245,0.0,Left
8,HAND_16,0.157803,0.68548,-0.061307,0.0,Left
8,HAND_17,0.105592,0.898392,-0.026707,0.0,Left
8,HAND_18,0.089572,0.837904,-0.045443,0.0,Left
8,HAND_19,0.089601,0.797112,-0.054835,0.0,Left
8,HAND_20,0.099711,0.760123,-0.05977,0.0,Left
9,NOSE,0.434165,0.683434,-1.753291,0.999952,N/A
9,LEFT_EYE_INNER,0.467266,0.626188,-1.697979,0.99994,N/A
9,LEFT_EYE,0.485912,0.627794,-1.697439,0.999933,N/A
9,LEFT_EYE_OUTER,0.502127,0.630093,-1.697182,0.999929,N/A
9,RIGHT_EYE_INNER,0.407832,0.626408,-1.671688,0.999922,N/A
9,RIGHT_EYE,0.38734,0.629322,-1.672323,0.999903,N/A
9,RIGHT_EYE_OUTER,0.372201,0.632653,-1.672189,0.999908,N/A
9,LEFT_EAR,0.531533,0.661485,-1.303959,0.999942,N/A
9,RIGHT_EAR,0.352599,0.671969,-1.179958,0.999898,N/A
9,MOUTH_LEFT,0.472515,0.755478,-1.601915,0.999902,N/A
9,MOUTH_RIGHT,0.401176,0.756208,-1.568716,0.999894,N/A
9,LEFT_SHOULDER,0.643547,0.958868,-1.062326,0.997726,N/A
9,RIGHT_SHOULDER,0.252556,0.949869,-0.933653,0.996266,N/A
9,LEFT_ELBOW,0.800415,1.365445,-2.073686,0.673881,N/A
9,RIGHT_ELBOW,0.081714,1.372087,-1.823058,0.656196,N/A
9,LEFT_WRIST,0.729692,0.957798,-2.943031,0.965181,N/A
9,RIGHT_WRIST,0.153367,0.946894,-2.834654,0.957252,N/A
9,LEFT_PINKY,0.749404,0.805087,-3.113669,0.957067,N/A
9,RIGHT_PINKY,0.141525,0.771534,-3.031541,0.939839,N/A
9,LEFT_INDEX,0.702736,0.771322,-2.965649,0.966208,N/A
9,RIGHT_INDEX,0.169595,0.745761,-2.894517,0.953145,N/A
9,LEFT_THUMB,0.661415,0.830801,-2.916544,0.95203,N/A
9,RIGHT_THUMB,0.191431,0.818277,-2.819262,0.942056,N/A
9,LEFT_HIP,0.574567,1.696056,-0.066924,0.00336,N/A
9,RIGHT_HIP,0.29798,1.692478,0.070869,0.003763,N/A
9,LEFT_KNEE,0.588213,2.27879,-0.636817,0.007894,N/A
9,RIGHT_KNEE,0.346216,2.263082,-0.469025,0.003116,N/A
9,LEFT_ANKLE,0.60659,2.785226,0.160376,9.7e-05,N/A
9,RIGHT_ANKLE,0.359278,2.785505,0.010626,4.4e-05,N/A
9,LEFT_HEEL,0.609072,2.86768,0.205299,5.5e-05,N/A
9,RIGHT_HEEL,0.353916,2.875591,0.042453,4.2e-05,N/A
9,LEFT_FOOT_INDEX,0.571465,2.974898,-0.421128,0.00025,N/A
9,RIGHT_FOOT_INDEX,0.39341,2.957506,-0.654645,0.000404,N/A
9,HAND_0,0.72306,1.006743,1e-06,0.0,Right
9,HAND_1,0.655008,0.928343,-0.01859,0.0,Right
9,HAND_2,0.615978,0.829349,-0.018879,0.0,Right
9,HAND_3,0.592676,0.751159,-0.019402,0.0,Right
9,HAND_4,0.564851,0.695577,-0.018036,0.0,Right
9,HAND_5,0.65499,0.76574,0.029298,0.0,Right
9,HAND_6,0.640496,0.696554,0.030253,0.0,Right
9,HAND_7,0.636505,0.653856,0.019383,0.0,Right
9,HAND_8,0.634619,0.609437,0.008542,0.0,Right
9,HAND_9,0.691601,0.758315,0.029642,0.0,Right
9,HAND_10,0.687934,0.691047,0.035473,0.0,Right
9,HAND_11,0.691285,0.645232,0.024834,0.0,Right
9,HAND_12,0.695552,0.60369,0.014519,0.0,Right
9,HAND_13,0.728903,0.7654,0.023981,0.0,Right
9,HAND_14,0.732203,0.702451,0.024625,0.0,Right
9,HAND_15,0.737983,0.650683,0.014435,0.0,Right
9,HAND_16,0.743657,0.600366,0.005482,0.0,Right
9,HAND_17,0.767633,0.786834,0.015102,0.0,Right
9,HAND_18,0.783978,0.720966,0.014057,0.0,Right
9,HAND_19,0.796794,0.678737,0.011561,0.0,Right
9,HAND_20,0.81062,0.635362,0.008746,0.0,Right
9,HAND_0,0.159608,0.976035,1e-06,0.0,Left
9,HAND_1,0.222624,0.905453,-0.021237,0.0,Left
9,HAND_2,0.258856,0.790182,-0.01978,0.0,Left
9,HAND_3,0.276327,0.702119,-0.016536,0.0,Left
9,HAND_4,0.29477,0.639325,-0.012067,0.0,Left
9,HAND_5,0.218593,0.742669,0.011736,0.0,Left
9,HAND_6,0.226196,0.674665,0.00835,0.0,Left
9,HAND_7,0.237091,0.628764,-0.001782,0.0,Left
9,HAND_8,0.248271,0.587153,-0.009482,0.0,Left
9,HAND_9,0.174768,0.736,0.016808,0.0,Left
9,HAND_10,0.180916,0.670133,0.018207,0.0,Left
9,HAND_11,0.19019,0.627384,0.010318,0.0,Left
9,HAND_12,0.201982,0.590948,0.003741,0.0,Left
9,HAND_13,0.134124,0.737631,0.016987,0.0,Left
9,HAND_14,0.134796,0.674905,0.015776,0.0,Left
9,HAND_15,0.136589,0.628532,0.010386,0.0,Left
9,HAND_16,0.14163,0.587287,0.006041,0.0,Left
9,HAND_17,0.096283,0.7509,0.013685,0.0,Left
9,HAND_18,0.085502,0.681818,0.011322,0.0,Left
9,HAND_19,0.07898,0.642639,0.010687,0.0,Left
9,HAND_20,0.076547,0.605625,0.010832,0.0,Left
10,NOSE,0.43419,0.683844,-1.455009,0.999957,N/A
10,LEFT_EYE_INNER,0.467317,0.626301,-1.401787,0.999945,N/A
10,LEFT_EYE,0.485927,0.627852,-1.401207,0.999939,N/A
10,LEFT_EYE_OUTER,0.50212,0.63011,-1.400823,0.999935,N/A
10,RIGHT_EYE_INNER,0.407792,0.626674,-1.374395,0.999928,N/A
10,RIGHT_EYE,0.387266,0.629701,-1.374746,0.999912,N/A
10,RIGHT_EYE_OUTER,0.372105,0.633117,-1.374644,0.999916,N/A
10,LEFT_EAR,0.53161,0.661114,-1.031521,0.999947,N/A
10,RIGHT_EAR,0.352646,0.671943,-0.901476,0.999908,N/A
10,MOUTH_LEFT,0.472955,0.755501,-1.314212,0.999911,N/A
10,MOUTH_RIGHT,0.401085,0.756533,-1.278758,0.999904,N/A
10,LEFT_SHOULDER,0.645729,0.958682,-0.829756,0.997926,N/A
10,RIGHT_SHOULDER,0.256007,0.950833,-0.693125,0.996625,N/A
10,LEFT_ELBOW,0.812928,1.364887,-1.723681,0.697058,N/A
10,RIGHT_ELBOW,0.076295,1.353022,-1.493674,0.688524,N/A
10,LEFT_WRIST,0.7257,0.925122,-2.488478,0.968078,N/A
10,RIGHT_WRIST,0.153087,0.918854,-2.422708,0.961477,N/A
10,LEFT_PINKY,0.747829,0.760833,-2.632003,0.960114,N/A
10,RIGHT_PINKY,0.141118,0.745078,-2.604345,0.945699,N/A
10,LEFT_INDEX,0.691611,0.723943,-2.503191,0.968456,N/A
10,RIGHT_INDEX,0.169799,0.707544,-2.473451,0.957684,N/A
10,LEFT_THUMB,0.65179,0.792617,-2.465948,0.955071,N/A
10,RIGHT_THUMB,0.194068,0.785536,-2.408424,0.947603,N/A
10,LEFT_HIP,0.58244,1.702366,-0.066787,0.004067,N/A
10,RIGHT_HIP,0.297878,1.694963,0.070845,0.004853,N/A
10,LEFT_KNEE,0.590641,2.285643,-0.622089,0.009244,N/A
10,RIGHT_KNEE,0.346137,2.259792,-0.541978,0.003869,N/A
10,LEFT_ANKLE,0.610954,2.797542,-0.013707,0.000104,N/A
10,RIGHT_ANKLE,0.358714,2.785832,-0.235562,4.9e-05,N/A
10,LEFT_HEEL,0.614601,2.883101,0.009619,7e-05,N/A
10,RIGHT_HEEL,0.354018,2.877076,-0.225718,5e-05,N/A
10,LEFT_FOOT_INDEX,0.572502,2.983582,-0.645091,0.00025,N/A
10,RIGHT_FOOT_INDEX,0.394829,2.95598,-0.917269,0.000427,N/A
10,HAND_0,0.715591,0.9522,1e-06,0.0,Right
10,HAND_1,0.646689,0.897907,-0.020689,0.0,Right
10,HAND_2,0.606307,0.804254,-0.023503,0.0,Right
10,HAND_3,0.586394,0.721981,-0.024583,0.0,Right
10,HAND_4,0.556813,0.671572,-0.024319,0.0,Right
10,HAND_5,0.639813,0.694859,0.008975,0.0,Right
10,HAND_6,0.61996,0.612196,0.003209,0.0,Right
10,HAND_7,0.610264,0.557458,-0.009403,0.0,Right
10,HAND_8,0.603548,0.506822,-0.020705,0.0,Right
10,HAND_9,0.683688,0.680217,0.007488,0.0,Right
10,HAND_10,0.68077,0.5919,0.006757,0.0,Right
10,HAND_11,0.680025,0.530214,-0.005803,0.0,Right
10,HAND_12,0.678696,0.478642,-0.016458,0.0,Right
10,HAND_13,0.724529,0.690088,0.001321,0.0,Right
10,HAND_14,0.733214,0.606911,-0.006395,0.0,Right
10,HAND_15,0.734587,0.545218,-0.021067,0.0,Right
10,HAND_16,0.733617,0.48876,-0.032863,0.0,Right
10,HAND_17,0.762835,0.721335,-0.007084,0.0,Right
10,HAND_18,0.787648,0.660879,-0.018261,0.0,Right
10,HAND_19,0.800693,0.617605,-0.024919,0.0,Right
10,HAND_20,0.810273,0.572308,-0.029288,0.0,Right
10,HAND_0,0.163859,0.921243,1e-06,0.0,Left
10,HAND_1,0.23288,0.863618,-0.020783,0.0,Left
10,HAND_2,0.269119,0.751888,-0.018552,0.0,Left
10,HAND_3,0.282278,0.665894,-0.015062,0.0,Left
10,HAND_4,0.299658,0.604761,-0.010262,0.0,Left
10,HAND_5,0.226791,0.664495,0.013492,0.0,Left
10,HAND_6,0.234483,0.585649,0.011199,0.0,Left
10,HAND_7,0.240954,0.533062,0.001634,0.0,Left
10,HAND_8,0.247254,0.486458,-0.007145,0.0,Left
10,HAND_9,0.183283,0.655014,0.01521,0.0,Left
10,HAND_10,0.18477,0.573206,0.017303,0.0,Left
10,HAND_11,0.189332,0.518759,0.007919,0.0,Left
10,HAND_12,0.195818,0.473036,-0.000265,0.0,Left
10,HAND_13,0.14219,0.664768,0.011913,0.0,Left
10,HAND_14,0.137444,0.58543,0.007143,0.0,Left
10,HAND_15,0.135707,0.529269,-0.005861,0.0,Left
10,HAND_16,0.137172,0.475751,-0.016147,0.0,Left
10,HAND_17,0.102176,0.695792,0.005959,0.0,Left
10,HAND_18,0.082423,0.634929,-0.004654,0.0,Left
10,HAND_19,0.069094,0.592506,-0.012542,0.0,Left
10,HAND_20,0.061063,0.546453,-0.017508,0.0,Left
11,NOSE,0.435301,0.683805,-1.467902,0.99996,N/A
11,LEFT_EYE_INNER,0.468113,0.626119,-1.417965,0.999948,N/A
11,LEFT_EYE,0.486489,0.627646,-1.41744,0.999943,N/A
11,LEFT_EYE_OUTER,0.502583,0.629829,-1.417121,0.999938,N/A
11,RIGHT_EYE_INNER,0.408094,0.626525,-1.384724,0.999932,N/A
11,RIGHT_EYE,0.387409,0.629573,-1.385075,0.999919,N/A
11,RIGHT_EYE_OUTER,0.372181,0.633005,-1.384985,0.999922,N/A
11,LEFT_EAR,0.532654,0.660569,-1.069035,0.999951,N/A
11,RIGHT_EAR,0.352945,0.671653,-0.910519,0.999916,N/A
11,MOUTH_LEFT,0.474424,0.755273,-1.335758,0.999918,N/A
11,MOUTH_RIGHT,0.401258,0.756581,-1.292337,0.999912,N/A
11,LEFT_SHOULDER,0.645673,0.958939,-0.898106,0.998069,N/A
11,RIGHT_SHOULDER,0.259765,0.951703,-0.697413,0.996936,N/A
11,LEFT_ELBOW,0.810649,1.353614,-1.858448,0.71516,N/A
11,RIGHT_ELBOW,0.073272,1.344671,-1.509409,0.717323,N/A
11,LEFT_WRIST,0.720745,0.928844,-2.655529,0.970374,N/A
11,RIGHT_WRIST,0.152346,0.916503,-2.454054,0.965254,N/A
11,LEFT_PINKY,0.747852,0.771853,-2.807965,0.962398,N/A
11,RIGHT_PINKY,0.14066,0.741686,-2.631101,0.950907,N/A
11,LEFT_INDEX,0.684144,0.736208,-2.669267,0.970052,N/A
11,RIGHT_INDEX,0.17135,0.705653,-2.498816,0.961713,N/A
11,LEFT_THUMB,0.645136,0.798989,-2.630105,0.957,N/A
11,RIGHT_THUMB,0.196052,0.781887,-2.437932,0.952492,N/A
11,LEFT_HIP,0.58562,1.705066,-0.074747,0.005165,N/A
11,RIGHT_HIP,0.298353,1.695278,0.078738,0.006414,N/A
11,LEFT_KNEE,0.590669,2.288539,-0.680344,0.01084,N/A
11,RIGHT_KNEE,0.346783,2.257714,-0.554671,0.004536,N/A
11,LEFT_ANKLE,0.611492,2.79884,-0.020947,0.000119,N/A
11,RIGHT_ANKLE,0.356838,2.784061,-0.20366,5.4e-05,N/A
11,LEFT_HEEL,0.615289,2.884133,0.006342,8.6e-05,N/A
11,RIGHT_HEEL,0.350936,2.874992,-0.18981,5.8e-05,N/A
11,LEFT_FOOT_INDEX,0.574915,2.982474,-0.63194,0.000258,N/A
11,RIGHT_FOOT_INDEX,0.39331,2.952642,-0.860371,0.000467,N/A
11,HAND_0,0.715583,0.964047,0.0,0.0,Right
11,HAND_1,0.649858,0.923552,-0.024627,0.0,Right
11,HAND_2,0.606467,0.829552,-0.031022,0.0,Right
11,HAND_3,0.585429,0.745787,-0.035486,0.0,Right
11,HAND_4,0.554787,0.688927,-0.038894,0.0,Right
11,HAND_5,0.639363,0.706631,-0.005973,0.0,Right
11,HAND_6,0.617103,0.61298,-0.020187,0.0,Right
11,HAND_7,0.604987,0.554996,-0.034019,0.0,Right
11,HAND_8,0.596365,0.505092,-0.045123,0.0,Right
11,HAND_9,0.686533,0.694647,-0.008439,0.0,Right
11,HAND_10,0.681619,0.593782,-0.017607,0.0,Right
11,HAND_11,0.679199,0.531991,-0.029921,0.0,Right
11,HAND_12,0.676442,0.481447,-0.040049,0.0,Right
11,HAND_13,0.730214,0.708738,-0.015855,0.0,Right
11,HAND_14,0.736692,0.620068,-0.030088,0.0,Right
11,HAND_15,0.739144,0.562807,-0.042107,0.0,Right
11,HAND_16,0.739244,0.511425,-0.051594,0.0,Right
11,HAND_17,0.770334,0.742529,-0.026009,0.0,Right
11,HAND_18,0.793963,0.678799,-0.041693,0.0,Right
11,HAND_19,0.808718,0.634659,-0.049061,0.0,Right
11,HAND_20,0.820508,0.590889,-0.054184,0.0,Right
11,HAND_0,0.166525,0.917433,0.0,0.0,Left
11,HAND_1,0.23003,0.866931,-0.025045,0.0,Left
11,HAND_2,0.266659,0.761039,-0.027341,0.0,Left
11,HAND_3,0.278365,0.672351,-0.028009,0.0,Left
11,HAND_4,0.295172,0.610833,-0.027531,0.0,Left
11,HAND_5,0.223419,0.65731,-0.00395,0.0,Left
11,HAND_6,0.236421,0.559647,-0.0151,0.0,Left
11,HAND_7,0.242945,0.499301,-0.027035,0.0,Left
11,HAND_8,0.247573,0.448338,-0.036427,0.0,Left
11,HAND_9,0.179469,0.65123,-0.003472,0.0,Left
11,HAND_10,0.182004,0.54814,-0.011682,0.0,Left
11,HAND_11,0.184587,0.478077,-0.024091,0.0,Left
11,HAND_12,0.186649,0.42045,-0.033706,0.0,Left
11,HAND_13,0.139476,0.666535,-0.007724,0.0,Left
11,HAND_14,0.130901,0.575329,-0.019091,0.0,Left
11,HAND_15,0.130221,0.516844,-0.032295,0.0,Left
11,HAND_16,0.132858,0.466278,-0.041915,0.0,Left
11,HAND_17,0.100141,0.701338,-0.014967,0.0,Left
11,HAND_18,0.074705,0.638186,-0.030076,0.0,Left
11,HAND_19,0.060508,0.593327,-0.039805,0.0,Left
11,HAND_20,0.052049,0.547918,-0.045819,0.0,Left
12,NOSE,0.437801,0.683811,-1.59187,0.999964,N/A
12,LEFT_EYE_INNER,0.469844,0.626116,-1.537924,0.999952,N/A
12,LEFT_EYE,0.487969,0.627648,-1.53737,0.999948,N/A
12,LEFT_EYE_OUTER,0.503788,0.62983,-1.537109,0.999943,N/A
12,RIGHT_EYE_INNER,0.409359,0.626505,-1.514217,0.999938,N/A
12,RIGHT_EYE,0.388192,0.629532,-1.514573,0.999926,N/A
12,RIGHT_EYE_OUTER,0.372552,0.632965,-1.51451,0.999928,N/A
12,LEFT_EAR,0.534177,0.660268,-1.157614,0.999956,N/A
12,RIGHT_EAR,0.353228,0.671448,-1.042531,0.999924,N/A
12,MOUTH_LEFT,0.477336,0.755163,-1.445951,0.999925,N/A
12,MOUTH_RIGHT,0.402224,0.75658,-1.41499,0.99992,N/A
12,LEFT_SHOULDER,0.645471,0.958943,-0.951118,0.998228,N/A
12,RIGHT_SHOULDER,0.260647,0.951721,-0.848897,0.997224,N/A
12,LEFT_ELBOW,0.81235,1.351626,-1.935204,0.732282,N/A
12,RIGHT_ELBOW,0.075163,1.345151,-1.720952,0.743104,N/A
12,LEFT_WRIST,0.720833,0.937151,-2.795477,0.972317,N/A
12,RIGHT_WRIST,0.151344,0.918758,-2.681445,0.968636,N/A
12,LEFT_PINKY,0.750752,0.774725,-2.957446,0.964337,N/A
12,RIGHT_PINKY,0.139989,0.746034,-2.872066,0.955565,N/A
12,LEFT_INDEX,0.689085,0.736518,-2.82633,0.971445,N/A
12,RIGHT_INDEX,0.172218,0.704523,-2.743226,0.965311,N/A
12,LEFT_THUMB,0.648873,0.800857,-2.775505,0.958593,N/A
12,RIGHT_THUMB,0.196225,0.78227,-2.667105,0.956833,N/A
12,LEFT_HIP,0.589285,1.703161,-0.066996,0.005997,N/A
12,RIGHT_HIP,0.298884,1.694491,0.070867,0.007512,N/A
12,LEFT_KNEE,0.591119,2.287038,-0.651132,0.012706,N/A
12,RIGHT_KNEE,0.346454,2.256328,-0.565806,0.005322,N/A
12,LEFT_ANKLE,0.609072,2.793454,0.064116,0.000138,N/A
12,RIGHT_ANKLE,0.347359,2.781864,-0.163942,6.4e-05,N/A
12,LEFT_HEEL,0.611565,2.878429,0.112326,0.000103,N/A
12,RIGHT_HEEL,0.341433,2.871879,-0.162024,6.7e-05,N/A
12,LEFT_FOOT_INDEX,0.573127,2.977391,-0.564505,0.000277,N/A
12,RIGHT_FOOT_INDEX,0.381314,2.951354,-0.798201,0.000527,N/A
12,HAND_0,0.722266,0.9785,0.0,0.0,Right
12,HAND_1,0.655005,0.931546,-0.025944,0.0,Right
12,HAND_2,0.613247,0.83754,-0.032349,0.0,Right
12,HAND_3,0.593536,0.752964,-0.036748,0.0,Right
12,HAND_4,0.564395,0.692036,-0.039602,0.0,Right
12,HAND_5,0.649106,0.711662,-0.002311,0.0,Right
12,HAND_6,0.628848,0.617702,-0.015132,0.0,Right
12,HAND_7,0.616565,0.559535,-0.028843,0.0,Right
12,HAND_8,0.607857,0.507949,-0.040096,0.0,Right
12,HAND_9,0.696779,0.702033,-0.004392,0.0,Right
12,HAND_10,0.694871,0.599534,-0.012828,0.0,Right
12,HAND_11,0.692864,0.535114,-0.025669,0.0,Right
12,HAND_12,0.690371,0.481525,-0.036176,0.0,Right
12,HAND_13,0.740191,0.718722,-0.01182,0.0,Right
12,HAND_14,0.749375,0.627715,-0.025785,0.0,Right
12,HAND_15,0.752482,0.568586,-0.038143,0.0,Right
12,HAND_16,0.752893,0.515258,-0.047683,0.0,Right
12,HAND_17,0.780671,0.754457,-0.022188,0.0,Right
12,HAND_18,0.805945,0.689263,-0.03699,0.0,Right
12,HAND_19,0.821497,0.644085,-0.043895,0.0,Right
12,HAND_20,0.834507,0.599368,-0.048717,0.0,Right
12,HAND_0,0.163776,0.923168,0.0,0.0,Left
12,HAND_1,0.227405,0.86988,-0.027003,0.0,Left
12,HAND_2,0.265233,0.764496,-0.031351,0.0,Left
12,HAND_3,0.280088,0.674057,-0.03401,0.0,Left
12,HAND_4,0.296124,0.609005,-0.035557,0.0,Left
12,HAND_5,0.221705,0.655635,-0.008905,0.0,Left
12,HAND_6,0.234571,0.558342,-0.023464,0.0,Left
12,HAND_7,0.241021,0.497961,-0.03683,0.0,Left
12,HAND_8,0.246202,0.446226,-0.046915,0.0,Left
12,HAND_9,0.178136,0.649734,-0.00848,0.0,Left
12,HAND_10,0.181397,0.54663,-0.019442,0.0,Left
12,HAND_11,0.184245,0.478072,-0.031462,0.0,Left
12,HAND_12,0.186657,0.420001,-0.040769,0.0,Left
12,HAND_13,0.137458,0.665824,-0.013104,0.0,Left
12,HAND_14,0.12941,0.573363,-0.026738,0.0,Left
12,HAND_15,0.129388,0.515789,-0.039089,0.0,Left
12,HAND_16,0.132113,0.464887,-0.048138,0.0,Left
12,HAND_17,0.097385,0.701589,-0.021014,0.0,Left
12,HAND_18,0.072758,0.63783,-0.03688,0.0,Left
12,HAND_19,0.058872,0.594052,-0.046308,0.0,Left
12,HAND_20,0.049451,0.54914,-0.052433,0.0,Left
13,NOSE,0.439137,0.683798,-1.472101,0.999967,N/A
13,LEFT_EYE_INNER,0.471301,0.626114,-1.421269,0.999956,N/A
13,LEFT_EYE,0.489375,0.627662,-1.420736,0.999952,N/A
13,LEFT_EYE_OUTER,0.50501,0.629858,-1.420382,0.999948,N/A
13,RIGHT_EYE_INNER,0.410075,0.626477,-1.392546,0.999942,N/A
13,RIGHT_EYE,0.388585,0.62951,-1.392827,0.999932,N/A
13,RIGHT_EYE_OUTER,0.372766,0.632941,-1.392737,0.999934,N/A
13,LEFT_EAR,0.535737,0.659789,-1.058252,0.99996,N/A
13,RIGHT_EAR,0.353513,0.670184,-0.92313,0.999931,N/A
13,MOUTH_LEFT,0.478985,0.754693,-1.333848,0.999932,N/A
13,MOUTH_RIGHT,0.402442,0.756218,-1.296346,0.999927,N/A
13,LEFT_SHOULDER,0.645382,0.958073,-0.865367,0.998378,N/A
13,RIGHT_SHOULDER,0.261982,0.951108,-0.710778,0.997482,N/A
13,LEFT_ELBOW,0.811248,1.351038,-1.772257,0.746122,N/A
13,RIGHT_ELBOW,0.076201,1.344609,-1.477315,0.765453,N/A
13,LEFT_WRIST,0.720877,0.924085,-2.568461,0.974592,N/A
13,RIGHT_WRIST,0.150727,0.924029,-2.396608,0.971694,N/A
13,LEFT_PINKY,0.751168,0.757793,-2.717301,0.966944,N/A
13,RIGHT_PINKY,0.138696,0.743432,-2.568196,0.959794,N/A
13,LEFT_INDEX,0.697274,0.723067,-2.591624,0.973444,N/A
13,RIGHT_INDEX,0.172241,0.706112,-2.451206,0.968587,N/A
13,LEFT_THUMB,0.653913,0.786748,-2.549316,0.961332,N/A
13,RIGHT_THUMB,0.195513,0.781593,-2.38681,0.960821,N/A
13,LEFT_HIP,0.5889,1.702096,-0.072919,0.005952,N/A
13,RIGHT_HIP,0.29885,1.687285,0.077084,0.00743,N/A
13,LEFT_KNEE,0.588132,2.280925,-0.578566,0.012353,N/A
13,RIGHT_KNEE,0.342553,2.251508,-0.537772,0.005191,N/A
13,LEFT_ANKLE,0.599809,2.791837,0.057059,0.000134,N/A
13,RIGHT_ANKLE,0.338498,2.780675,-0.141403,6.1e-05,N/A
13,LEFT_HEEL,0.603024,2.876641,0.089973,0.0001,N/A
13,RIGHT_HEEL,0.330862,2.870974,-0.1335,6.5e-05,N/A
13,LEFT_FOOT_INDEX,0.563705,2.971708,-0.561406,0.000265,N/A
13,RIGHT_FOOT_INDEX,0.374807,2.94866,-0.767105,0.00051,N/A
13,HAND_0,0.716932,0.998134,0.0,0.0,Right
13,HAND_1,0.652901,0.950825,-0.026422,0.0,Right
13,HAND_2,0.614227,0.855727,-0.03552,0.0,Right
13,HAND_3,0.596595,0.770357,-0.042557,0.0,Right
13,HAND_4,0.567118,0.707837,-0.048512,0.0,Right
13,HAND_5,0.650436,0.729388,-0.009259,0.0,Right
13,HAND_6,0.632223,0.632147,-0.025073,0.0,Right
13,HAND_7,0.620895,0.572288,-0.040013,0.0,Right
13,HAND_8,0.613057,0.520651,-0.051885,0.0,Right
13,HAND_9,0.69861,0.720974,-0.012472,0.0,Right
13,HAND_10,0.700147,0.613335,-0.024331,0.0,Right
13,HAND_11,0.699873,0.546724,-0.038701,0.0,Right
13,HAND_12,0.698689,0.492478,-0.050226,0.0,Right
13,HAND_13,0.742238,0.739806,-0.020691,0.0,Right
13,HAND_14,0.753376,0.644046,-0.037666,0.0,Right
13,HAND_15,0.757729,0.582465,-0.051886,0.0,Right
13,HAND_16,0.759275,0.527428,-0.062709,0.0,Right
13,HAND_17,0.782467,0.778316,-0.031544,0.0,Right
13,HAND_18,0.809887,0.708458,-0.049104,0.0,Right
13,HAND_19,0.826475,0.66117,-0.057704,0.0,Right
13,HAND_20,0.83995,0.615116,-0.063726,0.0,Right
13,HAND_0,0.165974,0.937625,0.0,0.0,Left
13,HAND_1,0.231411,0.881071,-0.025374,0.0,Left
13,HAND_2,0.269157,0.777336,-0.029705,0.0,Left
13,HAND_3,0.28297,0.687604,-0.033041,0.0,Left
13,HAND_4,0.299955,0.622839,-0.035425,0.0,Left
13,HAND_5,0.223032,0.667772,-0.007749,0.0,Left
13,HAND_6,0.237461,0.568494,-0.022694,0.0,Left
13,HAND_7,0.2454,0.507728,-0.03634,0.0,Left
13,HAND_8,0.251365,0.455446,-0.046566,0.0,Left
13,HAND_9,0.179257,0.661869,-0.008456,0.0,Left
13,HAND_10,0.182256,0.556362,-0.019786,0.0,Left
13,HAND_11,0.184669,0.487429,-0.032191,0.0,Left
13,HAND_12,0.185982,0.43072,-0.041653,0.0,Left
13,HAND_13,0.138318,0.677642,-0.013991,0.0,Left
13,HAND_14,0.131868,0.582898,-0.027858,0.0,Left
13,HAND_15,0.131338,0.523685,-0.040282,0.0,Left
13,HAND_16,0.132954,0.472633,-0.049223,0.0,Left
13,HAND_17,0.098457,0.714065,-0.022648,0.0,Left
13,HAND_18,0.074182,0.649036,-0.038647,0.0,Left
13,HAND_19,0.059974,0.604195,-0.047789,0.0,Left
13,HAND_20,0.049957,0.560083,-0.053483,0.0,Left
14,NOSE,0.440205,0.683802,-1.239041,0.999954,N/A
14,LEFT_EYE_INNER,0.472372,0.626008,-1.189987,0.999937,N/A
14,LEFT_EYE,0.490357,0.627518,-1.189998,0.999931,N/A
14,LEFT_EYE_OUTER,0.505994,0.629649,-1.189896,0.999928,N/A
14,RIGHT_EYE_INNER,0.411353,0.626457,-1.175353,0.99992,N/A
14,RIGHT_EYE,0.389674,0.629484,-1.175485,0.999907,N/A
14,RIGHT_EYE_OUTER,0.37342,0.632901,-1.17552,0.999912,N/A
14,LEFT_EAR,0.5367,0.659346,-0.827747,0.999925,N/A
14,RIGHT_EAR,0.353615,0.671423,-0.754825,0.999904,N/A
14,MOUTH_LEFT,0.479225,0.755449,-1.094713,0.99985,N/A
14,MOUTH_RIGHT,0.405736,0.757384,-1.075235,0.999829,N/A
14,LEFT_SHOULDER,0.655182,0.946885,-0.690648,0.996048,N/A
14,RIGHT_SHOULDER,0.268214,0.951182,-0.489906,0.993417,N/A
14,LEFT_ELBOW,0.81022,1.276181,-1.441859,0.732852,N/A
14,RIGHT_ELBOW,0.151606,1.345276,-1.163488,0.740087,N/A
14,LEFT_WRIST,0.724766,0.930443,-2.145175,0.963829,N/A
14,RIGHT_WRIST,0.174438,0.926313,-2.115964,0.962163,N/A
14,LEFT_PINKY,0.747417,0.821128,-2.294711,0.955181,N/A
14,RIGHT_PINKY,0.153047,0.819241,-2.299458,0.950771,N/A
14,LEFT_INDEX,0.70385,0.795188,-2.204445,0.963865,N/A
14,RIGHT_INDEX,0.177773,0.776523,-2.232113,0.961242,N/A
14,LEFT_THUMB,0.683368,0.837384,-2.133794,0.947353,N/A
14,RIGHT_THUMB,0.202405,0.826459,-2.124519,0.950346,N/A
14,LEFT_HIP,0.599828,1.677791,-0.114382,0.005563,N/A
14,RIGHT_HIP,0.354707,1.669649,0.118233,0.006967,N/A
14,LEFT_KNEE,0.58923,1.867201,-0.411681,0.011624,N/A
14,RIGHT_KNEE,0.325903,1.828266,-0.425582,0.005196,N/A
14,LEFT_ANKLE,0.623694,2.338517,0.188868,0.000145,N/A
14,RIGHT_ANKLE,0.440406,2.277065,0.157984,7.1e-05,N/A
14,LEFT_HEEL,0.643468,2.431996,0.223752,0.000101,N/A
14,RIGHT_HEEL,0.4657,2.338839,0.203464,7.3e-05,N/A
14,LEFT_FOOT_INDEX,0.572674,2.442637,-0.240626,0.000315,N/A
14,RIGHT_FOOT_INDEX,0.446869,2.414289,-0.196563,0.000567,N/A
14,HAND_0,0.183431,1.01881,0.0,0.0,Left
14,HAND_1,0.244934,0.982305,-0.020362,0.0,Left
14,HAND_2,0.289223,0.916864,-0.032363,0.0,Left
14,HAND_3,0.310468,0.849638,-0.043144,0.0,Left
14,HAND_4,0.317228,0.791875,-0.054853,0.0,Left
14,HAND_5,0.241826,0.811208,-0.032047,0.0,Left
14,HAND_6,0.253299,0.710811,-0.054463,0.0,Left
14,HAND_7,0.263049,0.662925,-0.068474,0.0,Left
14,HAND_8,0.27297,0.625649,-0.076632,0.0,Left
14,HAND_9,0.202554,0.799828,-0.036693,0.0,Left
14,HAND_10,0.204735,0.68254,-0.054366,0.0,Left
14,HAND_11,0.210238,0.6193,-0.066619,0.0,Left
14,HAND_12,0.216278,0.572252,-0.075231,0.0,Left
14,HAND_13,0.16445,0.814456,-0.043572,0.0,Left
14,HAND_14,0.15853,0.708669,-0.062123,0.0,Left
14,HAND_15,0.160802,0.646442,-0.074201,0.0,Left
14,HAND_16,0.167215,0.594995,-0.082605,0.0,Left
14,HAND_17,0.127312,0.850609,-0.051502,0.0,Left
14,HAND_18,0.104302,0.780342,-0.070192,0.0,Left
14,HAND_19,0.095084,0.727985,-0.077253,0.0,Left
14,HAND_20,0.092264,0.681635,-0.081274,0.0,Left
15,NOSE,0.439809,0.682844,-1.561895,0.999866,N/A
15,LEFT_EYE_INNER,0.47229,0.625398,-1.483286,0.999859,N/A
15,LEFT_EYE,0.490375,0.626925,-1.48373,0.999873,N/A
15,LEFT_EYE_OUTER,0.506101,0.629114,-1.484064,0.999833,N/A
15,RIGHT_EYE_INNER,0.410365,0.625905,-1.484847,0.999831,N/A
15,RIGHT_EYE,0.388991,0.628885,-1.485203,0.999832,N/A
15,RIGHT_EYE_OUTER,0.373395,0.632242,-1.485594,0.999797,N/A
15,LEFT_EAR,0.536938,0.658918,-0.958223,0.999873,N/A
15,RIGHT_EAR,0.353596,0.671312,-0.962972,0.999875,N/A
15,MOUTH_LEFT,0.479176,0.754926,-1.358368,0.999733,N/A
15,MOUTH_RIGHT,0.405637,0.756165,-1.361439,0.999732,N/A
15,LEFT_SHOULDER,0.661175,0.947326,-0.691209,0.991944,N/A
15,RIGHT_SHOULDER,0.238398,0.953267,-0.570245,0.988319,N/A
15,LEFT_ELBOW,0.803804,1.25885,-1.366503,0.697665,N/A
15,RIGHT_ELBOW,0.139166,1.297527,-0.970271,0.681144,N/A
15,LEFT_WRIST,0.710518,1.089526,-2.19149,0.894379,N/A
15,RIGHT_WRIST,0.192281,1.263692,-1.794014,0.870138,N/A
15,LEFT_PINKY,0.692885,1.061488,-2.375916,0.895421,N/A
15,RIGHT_PINKY,0.203635,1.293664,-1.948271,0.863535,N/A
15,LEFT_INDEX,0.656227,0.958113,-2.335247,0.909539,N/A
15,RIGHT_INDEX,0.220349,1.247667,-1.934529,0.875578,N/A
15,LEFT_THUMB,0.644324,0.948413,-2.205277,0.883678,N/A
15,RIGHT_THUMB,0.227139,1.238473,-1.813698,0.863801,N/A
15,LEFT_HIP,0.594275,1.678093,-0.112412,0.005671,N/A
15,RIGHT_HIP,0.348201,1.673914,0.116518,0.00704,N/A
15,LEFT_KNEE,0.581561,1.877893,-0.612743,0.01275,N/A
15,RIGHT_KNEE,0.275451,1.897869,-0.744578,0.0069,N/A
15,LEFT_ANKLE,0.605838,2.373725,0.055418,0.000272,N/A
15,RIGHT_ANKLE,0.431923,2.339836,-0.079066,0.000164,N/A
15,LEFT_HEEL,0.617079,2.462759,0.088671,0.000157,N/A
15,RIGHT_HEEL,0.434831,2.398671,-0.02894,0.000146,N/A
15,LEFT_FOOT_INDEX,0.570081,2.499046,-0.46139,0.000554,N/A
15,RIGHT_FOOT_INDEX,0.443648,2.484924,-0.557079,0.000817,N/A
16,NOSE,0.436479,0.680258,-1.402064,0.999727,N/A
16,LEFT_EYE_INNER,0.470315,0.623112,-1.315262,0.999692,N/A
16,LEFT_EYE,0.489106,0.624795,-1.316221,0.999744,N/A
16,LEFT_EYE_OUTER,0.50498,0.627347,-1.316753,0.999632,N/A
16,RIGHT_EYE_INNER,0.407273,0.624085,-1.336682,0.999677,N/A
16,RIGHT_EYE,0.386814,0.62717,-1.337235,0.999717,N/A
16,RIGHT_EYE_OUTER,0.372766,0.630678,-1.33841,0.999653,N/A
16,LEFT_EAR,0.535928,0.658727,-0.793907,0.99976,N/A
16,RIGHT_EAR,0.352671,0.670878,-0.816657,0.999808,N/A
16,MOUTH_LEFT,0.476964,0.753855,-1.17847,0.999564,N/A
16,MOUTH_RIGHT,0.402298,0.753819,-1.195291,0.99962,N/A
16,LEFT_SHOULDER,0.664682,0.949897,-0.488329,0.987457,N/A
16,RIGHT_SHOULDER,0.227157,0.958692,-0.419729,0.98601,N/A
16,LEFT_ELBOW,0.799421,1.269497,-0.828675,0.64887,N/A
16,RIGHT_ELBOW,0.133947,1.286536,-0.63292,0.625928,N/A
16,LEFT_WRIST,0.713367,1.330526,-1.532541,0.810922,N/A
16,RIGHT_WRIST,0.18491,1.312048,-1.416299,0.786494,N/A
16,LEFT_PINKY,0.703817,1.36919,-1.674752,0.814891,N/A
16,RIGHT_PINKY,0.194138,1.3498,-1.572549,0.783323,N/A
16,LEFT_INDEX,0.656916,1.31723,-1.689071,0.830947,N/A
16,RIGHT_INDEX,0.212452,1.299528,-1.585802,0.796966,N/A
16,LEFT_THUMB,0.664067,1.299716,-1.557999,0.804846,N/A
16,RIGHT_THUMB,0.224511,1.286857,-1.446549,0.784963,N/A
16,LEFT_HIP,0.59223,1.67795,-0.10488,0.005543,N/A
16,RIGHT_HIP,0.345502,1.674237,0.108965,0.00721,N/A
16,LEFT_KNEE,0.585472,1.979791,-0.584843,0.014196,N/A
16,RIGHT_KNEE,0.277669,1.968347,-0.83409,0.009051,N/A
16,LEFT_ANKLE,0.606082,2.503902,-0.018267,0.000384,N/A
16,RIGHT_ANKLE,0.43035,2.486164,-0.346696,0.000321,N/A
16,LEFT_HEEL,0.616961,2.592483,0.003582,0.000227,N/A
16,RIGHT_HEEL,0.421654,2.559466,-0.319968,0.00032,N/A
16,LEFT_FOOT_INDEX,0.572751,2.654023,-0.572451,0.000785,N/A
16,RIGHT_FOOT_INDEX,0.439967,2.64201,-0.902934,0.001265,N/A
17,NOSE,0.429143,0.679021,-1.517301,0.999648,N/A
17,LEFT_EYE_INNER,0.464986,0.621987,-1.445668,0.999624,N/A
17,LEFT_EYE,0.485165,0.624229,-1.446032,0.999691,N/A
17,LEFT_EYE_OUTER,0.501505,0.627112,-1.446231,0.999549,N/A
17,RIGHT_EYE_INNER,0.400708,0.621953,-1.448215,0.999602,N/A
17,RIGHT_EYE,0.381892,0.624488,-1.448667,0.99965,N/A
17,RIGHT_EYE_OUTER,0.367913,0.627766,-1.449073,0.999557,N/A
17,LEFT_EAR,0.533779,0.659135,-0.931495,0.999716,N/A
17,RIGHT_EAR,0.347158,0.670264,-0.941023,0.999765,N/A
17,MOUTH_LEFT,0.4709,0.753856,-1.31519,0.999374,N/A
17,MOUTH_RIGHT,0.393822,0.753529,-1.319495,0.99944,N/A
17,LEFT_SHOULDER,0.664014,0.955906,-0.544522,0.977145,N/A
17,RIGHT_SHOULDER,0.21788,0.965728,-0.459178,0.976612,N/A
17,LEFT_ELBOW,0.799304,1.260825,-1.028511,0.60334,N/A
17,RIGHT_ELBOW,0.12759,1.276201,-0.706687,0.572088,N/A
17,LEFT_WRIST,0.71452,1.235987,-1.708917,0.739603,N/A
17,RIGHT_WRIST,0.187921,1.237408,-1.343509,0.710989,N/A
17,LEFT_PINKY,0.70738,1.229309,-1.826293,0.748296,N/A
17,RIGHT_PINKY,0.211284,1.239228,-1.454483,0.711131,N/A
17,LEFT_INDEX,0.66001,1.179938,-1.812919,0.766884,N/A
17,RIGHT_INDEX,0.218091,1.190644,-1.431812,0.725554,N/A
17,LEFT_THUMB,0.675878,1.182079,-1.719518,0.739285,N/A
17,RIGHT_THUMB,0.22324,1.192021,-1.353768,0.713377,N/A
17,LEFT_HIP,0.578099,1.682256,-0.098532,0.005294,N/A
17,RIGHT_HIP,0.332349,1.688836,0.102565,0.006966,N/A
17,LEFT_KNEE,0.584401,1.848028,-0.516199,0.014611,N/A
17,RIGHT_KNEE,0.272589,1.888005,-0.687385,0.010373,N/A
17,LEFT_ANKLE,0.609426,2.371362,0.1409,0.000462,N/A
17,RIGHT_ANKLE,0.424526,2.353165,-0.111472,0.000397,N/A
17,LEFT_HEEL,0.618478,2.464481,0.174323,0.000267,N/A
17,RIGHT_HEEL,0.438257,2.413388,-0.064714,0.00037,N/A
17,LEFT_FOOT_INDEX,0.592252,2.505707,-0.349935,0.000989,N/A
17,RIGHT_FOOT_INDEX,0.454541,2.498706,-0.589719,0.001504,N/A
18,NOSE,0.41678,0.678433,-1.738688,0.999395,N/A
18,LEFT_EYE_INNER,0.454285,0.620658,-1.660213,0.999333,N/A
18,LEFT_EYE,0.476468,0.623665,-1.660542,0.999461,N/A
18,LEFT_EYE_OUTER,0.493939,0.626847,-1.66087,0.999193,N/A
18,RIGHT_EYE_INNER,0.389338,0.61873,-1.66252,0.999276,N/A
18,RIGHT_EYE,0.371256,0.620564,-1.662936,0.999374,N/A
18,RIGHT_EYE_OUTER,0.353236,0.623089,-1.663268,0.99916,N/A
18,LEFT_EAR,0.526106,0.659857,-1.133619,0.999524,N/A
18,RIGHT_EAR,0.330026,0.670009,-1.133533,0.999591,N/A
18,MOUTH_LEFT,0.4591,0.75436,-1.533124,0.998762,N/A
18,MOUTH_RIGHT,0.380661,0.753506,-1.535437,0.998767,N/A
18,LEFT_SHOULDER,0.663145,0.967873,-0.794424,0.964281,N/A
18,RIGHT_SHOULDER,0.193341,0.976397,-0.737147,0.96004,N/A
18,LEFT_ELBOW,0.805998,1.265364,-1.33356,0.567897,N/A
18,RIGHT_ELBOW,0.110427,1.280629,-1.063836,0.524807,N/A
18,LEFT_WRIST,0.714359,1.217904,-2.065001,0.676374,N/A
18,RIGHT_WRIST,0.192902,1.224216,-1.746401,0.642801,N/A
18,LEFT_PINKY,0.697642,1.207625,-2.20553,0.688941,N/A
18,RIGHT_PINKY,0.224644,1.210337,-1.874144,0.645394,N/A
18,LEFT_INDEX,0.66758,1.155712,-2.172368,0.709471,N/A
18,RIGHT_INDEX,0.229032,1.164245,-1.85195,0.659962,N/A
18,LEFT_THUMB,0.622638,1.11666,-2.06964,0.67973,N/A
18,RIGHT_THUMB,0.230429,1.171794,-1.74877,0.647496,N/A
18,LEFT_HIP,0.572452,1.700677,-0.096317,0.005248,N/A
18,RIGHT_HIP,0.307308,1.711763,0.100198,0.007035,N/A
18,LEFT_KNEE,0.58438,1.925979,-0.559441,0.014756,N/A
18,RIGHT_KNEE,0.26008,1.965316,-0.757355,0.011097,N/A
18,LEFT_ANKLE,0.610078,2.454146,0.202077,0.000499,N/A
18,RIGHT_ANKLE,0.415482,2.44368,-0.047448,0.000437,N/A
18,LEFT_HEEL,0.618489,2.546571,0.244031,0.000276,N/A
18,RIGHT_HEEL,0.430543,2.509481,0.005027,0.00039,N/A
18,LEFT_FOOT_INDEX,0.593188,2.603198,-0.328994,0.001065,N/A
18,RIGHT_FOOT_INDEX,0.446883,2.597682,-0.573294,0.001642,N/A
19,NOSE,0.399543,0.678439,-1.642331,0.999118,N/A
19,LEFT_EYE_INNER,0.439921,0.620262,-1.576446,0.99905,N/A
19,LEFT_EYE,0.463598,0.62346,-1.576749,0.999243,N/A
19,LEFT_EYE_OUTER,0.483371,0.626833,-1.577049,0.998877,N/A
19,RIGHT_EYE_INNER,0.374431,0.618171,-1.570391,0.998944,N/A
19,RIGHT_EYE,0.354788,0.61979,-1.570703,0.999087,N/A
19,RIGHT_EYE_OUTER,0.336847,0.622194,-1.571036,0.998761,N/A
19,LEFT_EAR,0.517109,0.660682,-1.09349,0.999347,N/A
19,RIGHT_EAR,0.316585,0.66935,-1.056833,0.999401,N/A
19,MOUTH_LEFT,0.44281,0.75525,-1.451896,0.998261,N/A
19,MOUTH_RIGHT,0.36665,0.753558,-1.443519,0.998245,N/A
19,LEFT_SHOULDER,0.66072,0.973704,-0.78219,0.955404,N/A
19,RIGHT_SHOULDER,0.181394,0.98365,-0.675461,0.950844,N/A
19,LEFT_ELBOW,0.804619,1.267787,-1.336732,0.532971,N/A
19,RIGHT_ELBOW,0.094339,1.288985,-0.980117,0.480664,N/A
19,LEFT_WRIST,0.714052,1.223174,-2.094898,0.61771,N/A
19,RIGHT_WRIST,0.179822,1.231469,-1.745174,0.581329,N/A
19,LEFT_PINKY,0.69789,1.215957,-2.241234,0.633667,N/A
19,RIGHT_PINKY,0.221156,1.224708,-1.885472,0.586346,N/A
19,LEFT_INDEX,0.65267,1.08749,-2.206573,0.656005,N/A
19,RIGHT_INDEX,0.195298,1.105045,-1.849649,0.601328,N/A
19,LEFT_THUMB,0.615555,1.068164,-2.101475,0.624768,N/A
19,RIGHT_THUMB,0.213078,1.183514,-1.754075,0.588578,N/A
19,LEFT_HIP,0.559453,1.704672,-0.092961,0.005115,N/A
19,RIGHT_HIP,0.286584,1.713225,0.096947,0.006851,N/A
19,LEFT_KNEE,0.577164,1.962881,-0.549748,0.014733,N/A
19,RIGHT_KNEE,0.241198,1.991116,-0.677979,0.011261,N/A
19,LEFT_ANKLE,0.5965,2.493564,0.201482,0.000518,N/A
19,RIGHT_ANKLE,0.380395,2.482087,0.012433,0.000449,N/A
19,LEFT_HEEL,0.60023,2.584958,0.240768,0.000281,N/A
19,RIGHT_HEEL,0.403138,2.552248,0.056547,0.000396,N/A
19,LEFT_FOOT_INDEX,0.577127,2.646085,-0.339175,0.001101,N/A
19,RIGHT_FOOT_INDEX,0.415355,2.633855,-0.537566,0.001682,N/A
20,NOSE,0.382817,0.680393,-1.727145,0.998761,N/A
20,LEFT_EYE_INNER,0.425952,0.620571,-1.657544,0.998595,N/A
20,LEFT_EYE,0.449899,0.623706,-1.657909,0.998908,N/A
20,LEFT_EYE_OUTER,0.471725,0.627279,-1.658317,0.998365,N/A
20,RIGHT_EYE_INNER,0.360418,0.618545,-1.648094,0.998436,N/A
20,RIGHT_EYE,0.340683,0.619939,-1.648413,0.998657,N/A
20,RIGHT_EYE_OUTER,0.323731,0.62222,-1.648787,0.998115,N/A
20,LEFT_EAR,0.507556,0.662331,-1.156534,0.999059,N/A
20,RIGHT_EAR,0.308186,0.668956,-1.102612,0.999132,N/A
20,MOUTH_LEFT,0.427465,0.757296,-1.529249,0.997556,N/A
20,MOUTH_RIGHT,0.355204,0.754488,-1.516531,0.997466,N/A
20,LEFT_SHOULDER,0.656543,0.978255,-0.853991,0.942497,N/A
20,RIGHT_SHOULDER,0.173583,0.983643,-0.698879,0.937886,N/A
20,LEFT_ELBOW,0.801762,1.270132,-1.495376,0.509299,N/A
20,RIGHT_ELBOW,0.085117,1.291203,-1.001509,0.439525,N/A
20,LEFT_WRIST,0.680084,1.192743,-2.258635,0.569081,N/A
20,RIGHT_WRIST,0.178821,1.232683,-1.779318,0.525487,N/A
20,LEFT_PINKY,0.647394,1.165756,-2.409944,0.588507,N/A
20,RIGHT_PINKY,0.213081,1.222639,-1.920205,0.532104,N/A
20,LEFT_INDEX,0.586401,1.059721,-2.347781,0.613,N/A
20,RIGHT_INDEX,0.181893,1.088677,-1.872181,0.546893,N/A
20,LEFT_THUMB,0.575189,1.031335,-2.253905,0.57839,N/A
20,RIGHT_THUMB,0.212829,1.187653,-1.784679,0.534145,N/A
20,LEFT_HIP,0.548071,1.724192,-0.095614,0.005044,N/A
20,RIGHT_HIP,0.273596,1.72638,0.09982,0.006798,N/A
20,LEFT_KNEE,0.553804,1.973455,-0.584671,0.014575,N/A
20,RIGHT_KNEE,0.239168,2.007599,-0.687803,0.011514,N/A
20,LEFT_ANKLE,0.588125,2.510886,0.225509,0.000543,N/A
20,RIGHT_ANKLE,0.372027,2.499759,0.056466,0.000479,N/A
20,LEFT_HEEL,0.59621,2.602097,0.270582,0.000287,N/A
20,RIGHT_HEEL,0.397314,2.570643,0.106332,0.000413,N/A
20,LEFT_FOOT_INDEX,0.56112,2.664702,-0.327933,0.001157,N/A
20,RIGHT_FOOT_INDEX,0.396346,2.649345,-0.505968,0.001806,N/A
